product_id,category,price_usd,true_quality,avg_rating,total_reviews,brand_tier,is_prime,num_images,has_video,days_on_platform
P000686,Home & Kitchen,34.58,4.86,5.0,15,budget,1,3,1,373
P002400,Books,11.55,4.9,5.0,13,premium,1,6,0,1490
P002311,Automotive,53.19,4.81,5.0,308,premium,1,2,0,449
P000580,Home & Kitchen,79.99,4.73,5.0,52,premium,0,3,0,958
P000220,Home & Kitchen,31.16,4.82,5.0,116,budget,0,7,1,941
P003393,Automotive,98.8,4.83,5.0,48,mid,1,4,0,291
P004224,Electronics,117.25,4.91,5.0,28,budget,0,3,0,261
P000679,Electronics,248.79,4.56,4.97,6,premium,1,5,0,357
P004429,Clothing,41.04,4.64,4.93,14,budget,0,2,0,35
P000743,Health,42.58,4.88,4.93,220,mid,1,4,0,894
P001343,Books,14.89,4.79,4.91,33,budget,1,2,0,800
P003907,Toys & Games,41.3,4.8,4.91,16,mid,0,5,0,1499
P002939,Clothing,24.17,4.66,4.89,77,mid,1,3,0,953
P004431,Clothing,20.57,4.36,4.88,5,mid,1,3,1,1794
P003560,Books,32.35,4.85,4.87,37,mid,0,4,1,699
P002177,Home & Kitchen,18.61,4.77,4.86,12,premium,1,3,0,219
P001011,Sports & Outdoors,56.46,4.66,4.85,9,budget,1,2,1,1060
P003956,Sports & Outdoors,32.46,4.51,4.84,40,budget,1,1,1,880
P001806,Beauty,23.84,4.5,4.84,9,mid,0,3,0,865
P000377,Food & Grocery,10.36,4.91,4.82,10,premium,1,1,0,1798
P002506,Electronics,355.92,4.51,4.82,97,mid,1,7,0,577
P003647,Home & Kitchen,45.28,4.83,4.8,126,mid,1,5,1,1371
P001214,Home & Kitchen,44.98,4.8,4.78,109,premium,1,2,0,1286
P002296,Electronics,467.22,4.64,4.77,43,premium,1,3,0,1091
P002225,Health,70.56,4.64,4.76,24,mid,1,4,0,1137
P002433,Sports & Outdoors,172.76,4.73,4.74,35,budget,0,7,1,1512
P004403,Electronics,82.3,4.81,4.74,44,budget,1,3,0,1610
P002961,Toys & Games,27.93,4.56,4.73,40,mid,1,2,0,637
P004071,Home & Kitchen,109.81,4.4,4.73,72,mid,1,6,1,1035
P003807,Sports & Outdoors,74.73,4.76,4.72,97,mid,1,7,0,1432
P001813,Beauty,36.44,4.47,4.72,351,budget,1,0,0,160
P002268,Books,47.27,4.87,4.72,6,budget,0,5,0,610
P003655,Clothing,50.55,4.78,4.71,54,mid,1,7,0,789
P003948,Electronics,209.11,4.72,4.71,24,budget,1,3,0,72
P000359,Books,22.02,4.97,4.7,9,budget,1,0,0,1546
P004971,Sports & Outdoors,64.35,4.85,4.7,139,budget,0,6,0,431
P004835,Clothing,39.49,4.94,4.7,15,budget,1,4,0,591
P000491,Beauty,81.56,4.69,4.7,7,mid,0,6,0,274
P002349,Electronics,255.7,4.67,4.69,207,premium,0,7,0,202
P004935,Sports & Outdoors,69.75,4.19,4.68,7,mid,0,5,0,64
P002618,Health,32.31,4.83,4.68,42,premium,1,7,0,1647
P004531,Toys & Games,12.78,4.93,4.68,64,mid,0,7,0,1292
P003541,Health,48.99,4.91,4.68,117,budget,0,2,0,956
P000254,Clothing,45.35,4.68,4.67,25,mid,0,3,0,1516
P002231,Clothing,63.02,4.59,4.67,34,mid,1,3,0,357
P000168,Toys & Games,55.04,4.59,4.67,453,mid,1,7,0,740
P000875,Beauty,55.77,4.62,4.66,667,mid,1,4,0,1508
P004865,Sports & Outdoors,73.9,4.93,4.65,97,budget,0,1,0,510
P003649,Clothing,198.72,4.69,4.65,71,budget,0,3,0,112
P003697,Clothing,57.86,4.59,4.65,16,premium,0,5,0,275
P000010,Home & Kitchen,49.61,4.74,4.65,417,budget,1,7,1,255
P002444,Books,43.32,4.42,4.65,175,budget,1,0,0,388
P002920,Beauty,66.53,4.66,4.65,39,budget,0,4,1,1356
P004607,Health,52.23,4.86,4.64,20,budget,1,7,1,1522
P000047,Home & Kitchen,107.86,4.88,4.64,47,premium,1,3,0,111
P002450,Sports & Outdoors,34.88,4.75,4.64,13,mid,0,3,0,90
P001760,Food & Grocery,34.46,4.86,4.63,8,mid,1,4,1,821
P003313,Books,50.12,4.72,4.63,4,premium,1,4,0,699
P002386,Toys & Games,44.65,4.52,4.63,25,budget,1,0,0,534
P001800,Sports & Outdoors,90.31,4.02,4.63,22,budget,0,1,1,1288
P004471,Health,26.33,4.67,4.63,25,budget,1,1,0,1149
P002732,Clothing,42.86,4.51,4.63,21,mid,0,4,0,1753
P003133,Electronics,66.85,4.79,4.62,13,mid,1,3,0,1469
P000979,Books,17.77,4.4,4.62,26,mid,0,7,0,1475
P001401,Home & Kitchen,15.09,4.56,4.62,13,budget,1,2,0,1157
P004740,Sports & Outdoors,28.32,4.62,4.62,29,budget,1,6,0,160
P004910,Clothing,82.14,4.69,4.62,2,mid,0,5,0,1498
P003756,Home & Kitchen,37.19,4.79,4.62,41,premium,1,0,0,767
P003143,Automotive,31.13,4.73,4.61,5,mid,0,3,1,1797
P004218,Electronics,157.87,4.79,4.61,112,budget,0,1,0,1085
P001882,Sports & Outdoors,110.46,4.43,4.6,45,budget,0,2,1,1563
P003327,Home & Kitchen,44.53,4.88,4.6,3,budget,0,4,0,421
P003059,Clothing,55.34,4.92,4.6,72,premium,0,5,0,234
P000899,Clothing,49.85,4.76,4.6,32,budget,1,3,0,1369
P002290,Clothing,19.81,4.3,4.59,34,mid,1,2,0,747
P004183,Beauty,60.26,4.85,4.59,8,premium,1,2,0,663
P002143,Toys & Games,66.33,4.77,4.59,117,premium,1,3,0,1467
P003856,Clothing,38.71,4.72,4.58,3,mid,1,1,0,94
P001204,Beauty,34.8,4.83,4.58,80,mid,1,0,1,507
P002742,Health,59.52,4.7,4.58,14,budget,1,1,0,1489
P001097,Clothing,45.1,4.78,4.57,44,mid,1,1,0,40
P002599,Food & Grocery,24.52,4.77,4.57,35,premium,1,6,0,1403
P002805,Electronics,60.44,4.88,4.57,147,premium,0,2,0,802
P000593,Clothing,33.77,4.54,4.57,64,budget,1,7,0,1293
P000275,Beauty,63.1,4.95,4.57,43,premium,1,4,0,1093
P000337,Electronics,120.54,4.64,4.57,22,budget,1,0,0,345
P003149,Health,65.81,4.72,4.57,80,mid,1,0,0,751
P002334,Electronics,205.81,4.6,4.57,28,budget,1,6,0,1219
P004950,Beauty,11.92,4.3,4.57,28,mid,0,3,0,668
P000644,Clothing,27.74,4.56,4.56,133,mid,1,3,1,1112
P001652,Clothing,37.8,4.69,4.56,202,mid,1,4,0,937
P001420,Automotive,135.05,4.8,4.56,13,mid,1,1,0,1360
P004594,Clothing,49.79,4.77,4.56,430,mid,1,2,0,1290
P000536,Clothing,101.82,4.63,4.56,141,budget,1,7,0,586
P002111,Books,8.69,4.34,4.55,35,mid,1,5,0,1180
P003246,Books,40.72,4.8,4.55,50,mid,1,2,0,1140
P000997,Sports & Outdoors,126.56,4.31,4.55,7,premium,0,1,0,369
P002148,Automotive,162.72,4.69,4.54,20,mid,0,7,0,1346
P000887,Home & Kitchen,59.55,4.27,4.54,12,budget,0,7,0,171
P002483,Electronics,144.97,4.76,4.54,19,mid,0,4,0,320
P002172,Clothing,61.44,4.76,4.54,11,premium,0,6,0,1533
P004061,Automotive,37.08,4.75,4.54,12,premium,0,6,1,1526
P002872,Home & Kitchen,36.38,4.79,4.54,252,mid,1,5,0,1435
P000729,Home & Kitchen,58.45,4.37,4.53,18,mid,1,7,0,1215
P002482,Clothing,32.09,4.49,4.53,37,budget,0,4,1,1450
P001009,Beauty,91.57,4.17,4.53,19,mid,1,0,1,1177
P003730,Beauty,22.76,4.68,4.53,12,premium,1,7,1,717
P001120,Health,42.93,4.43,4.53,92,mid,1,7,0,1207
P001348,Home & Kitchen,54.02,4.45,4.53,22,premium,1,1,0,706
P004182,Electronics,315.95,4.65,4.53,3,mid,1,4,0,213
P004861,Books,32.19,4.82,4.53,107,mid,0,0,0,1649
P003329,Books,18.84,4.32,4.53,94,budget,0,4,0,649
P000058,Books,21.0,4.47,4.53,44,budget,1,3,0,810
P004999,Home & Kitchen,15.94,4.73,4.53,8,mid,0,1,0,1398
P004943,Sports & Outdoors,29.42,4.66,4.53,97,budget,0,2,1,1628
P002435,Beauty,31.13,4.77,4.53,7,mid,0,2,1,221
P000700,Clothing,27.09,4.29,4.53,85,budget,0,1,1,421
P000086,Electronics,125.29,4.69,4.52,42,budget,1,5,1,1760
P002887,Electronics,180.82,4.67,4.52,12,premium,0,7,1,1389
P002203,Health,70.89,4.37,4.52,17,premium,0,5,0,939
P000316,Clothing,105.03,4.37,4.52,12,mid,0,6,0,1161
P000065,Sports & Outdoors,41.27,4.43,4.52,317,premium,1,4,1,835
P004863,Clothing,88.46,4.76,4.52,36,budget,0,0,0,1674
P000939,Health,32.34,4.65,4.52,37,budget,0,4,0,1422
P001794,Beauty,13.76,4.6,4.51,13,mid,1,7,0,1755
P001842,Books,44.7,4.71,4.51,78,budget,0,3,0,201
P004161,Books,12.83,4.86,4.51,335,premium,1,4,0,1160
P001422,Books,46.19,4.78,4.51,3,mid,0,5,0,843
P004948,Toys & Games,14.27,4.76,4.51,71,mid,1,3,0,1133
P002159,Home & Kitchen,33.63,4.37,4.51,25,mid,1,2,1,1115
P003042,Food & Grocery,21.74,4.18,4.51,6,mid,0,7,0,372
P002631,Electronics,116.34,4.73,4.51,25,premium,1,3,0,1691
P003715,Health,33.65,4.51,4.5,2,mid,0,7,0,631
P001082,Food & Grocery,17.21,4.51,4.5,10,premium,0,0,0,1181
P001068,Beauty,46.44,4.22,4.5,57,premium,0,4,0,381
P001526,Electronics,165.94,4.5,4.5,72,mid,0,0,0,1791
P004533,Sports & Outdoors,83.31,4.69,4.5,34,mid,0,5,0,1643
P002035,Electronics,667.31,4.6,4.5,18,budget,1,5,0,1487
P000411,Sports & Outdoors,188.08,4.54,4.5,256,mid,1,0,1,711
P004711,Toys & Games,43.44,4.55,4.5,5,premium,0,2,1,1704
P004078,Books,5.21,4.6,4.49,29,mid,0,1,0,178
P002040,Toys & Games,26.21,4.38,4.49,30,premium,0,6,0,1493
P000735,Electronics,441.81,4.57,4.49,11,mid,1,2,1,681
P002984,Sports & Outdoors,35.16,4.73,4.49,8,mid,0,7,0,967
P003164,Beauty,44.08,4.69,4.49,24,budget,1,7,0,1310
P002612,Toys & Games,14.39,4.31,4.49,47,budget,0,7,0,1660
P001663,Toys & Games,47.26,4.5,4.49,40,mid,1,6,1,425
P003018,Electronics,83.69,4.81,4.49,35,budget,1,4,1,652
P004868,Clothing,16.87,4.76,4.49,19,premium,0,4,0,648
P002253,Home & Kitchen,60.11,4.57,4.48,143,mid,0,7,0,1295
P003624,Toys & Games,20.36,4.48,4.48,51,budget,0,7,1,456
P003271,Food & Grocery,32.19,4.45,4.48,49,mid,0,5,0,1269
P001718,Sports & Outdoors,56.44,4.52,4.48,35,mid,1,4,0,379
P000963,Electronics,156.43,4.7,4.48,87,premium,1,4,0,328
P003848,Beauty,61.48,4.76,4.48,18,mid,0,1,1,741
P003929,Electronics,157.96,4.48,4.47,155,mid,1,7,0,1524
P004992,Health,23.69,4.91,4.47,34,mid,1,6,0,1581
P003607,Electronics,398.1,4.57,4.47,60,premium,1,0,0,1162
P004233,Beauty,46.11,4.38,4.47,5,mid,1,0,0,1451
P003468,Clothing,17.2,4.52,4.47,21,mid,0,1,0,527
P001129,Sports & Outdoors,27.7,4.9,4.47,4,budget,0,7,0,630
P000128,Electronics,68.68,4.61,4.47,34,budget,0,6,0,286
P005000,Sports & Outdoors,37.94,4.5,4.46,67,budget,0,6,0,722
P001515,Health,37.77,4.54,4.46,6,mid,1,3,0,775
P002495,Health,22.46,4.73,4.46,97,mid,1,4,1,1076
P004850,Toys & Games,15.0,4.79,4.46,7,premium,1,5,0,207
P001133,Electronics,282.34,4.51,4.46,35,premium,1,2,1,1308
P002588,Electronics,145.51,4.63,4.46,19,budget,0,2,0,610
P000053,Toys & Games,18.52,4.74,4.45,6,mid,1,2,0,1440
P000485,Electronics,152.32,4.5,4.45,9,premium,1,0,0,1465
P001282,Home & Kitchen,65.32,4.42,4.45,50,mid,1,3,1,467
P002902,Food & Grocery,25.83,4.32,4.45,41,budget,1,6,0,1274
P001306,Food & Grocery,40.32,4.45,4.45,20,mid,0,7,0,785
P001532,Electronics,531.24,4.68,4.45,11,mid,1,6,1,378
P003924,Food & Grocery,19.62,4.7,4.45,7,mid,0,2,1,171
P001845,Electronics,80.02,4.55,4.45,10,budget,1,0,0,123
P000373,Home & Kitchen,129.43,4.74,4.45,43,budget,1,1,1,822
P004895,Beauty,38.28,4.59,4.45,30,budget,1,6,0,981
P001930,Home & Kitchen,87.72,4.6,4.45,75,budget,0,5,1,1787
P001374,Toys & Games,58.56,4.92,4.45,85,premium,0,2,0,551
P002947,Clothing,44.78,4.88,4.45,54,budget,1,4,0,1016
P004083,Beauty,34.84,4.88,4.45,73,budget,0,0,0,337
P000818,Books,20.9,4.43,4.45,10,budget,1,2,0,1571
P004362,Books,11.52,4.7,4.44,34,budget,0,0,0,253
P003896,Sports & Outdoors,23.73,4.85,4.44,33,mid,0,2,0,1422
P002465,Clothing,46.44,4.54,4.44,68,budget,0,7,0,403
P000140,Electronics,90.56,4.83,4.44,71,mid,1,2,0,1378
P001687,Books,25.66,4.91,4.44,12,premium,0,4,1,294
P001388,Clothing,58.2,4.53,4.43,69,mid,0,1,0,628
P004915,Clothing,15.4,4.44,4.43,58,premium,0,2,0,521
P002870,Electronics,84.89,4.85,4.43,183,mid,0,5,0,61
P000381,Books,20.78,4.48,4.43,2,mid,1,2,0,1105
P004626,Sports & Outdoors,64.6,4.7,4.43,47,budget,1,0,0,586
P003039,Clothing,48.3,4.45,4.43,53,premium,0,5,0,813
P003901,Electronics,200.8,4.54,4.43,3,mid,0,7,1,1574
P002200,Sports & Outdoors,37.6,4.98,4.42,31,mid,1,3,0,59
P004451,Health,41.75,4.7,4.42,2,budget,1,2,1,1445
P004459,Electronics,109.17,4.8,4.42,70,mid,1,3,1,209
P001636,Home & Kitchen,17.3,4.61,4.42,152,mid,1,5,0,516
P001603,Beauty,18.82,4.7,4.42,9,budget,1,2,0,187
P002329,Books,28.48,4.22,4.42,15,mid,0,5,0,1794
P002675,Sports & Outdoors,97.18,4.57,4.42,9,mid,1,0,1,1107
P002261,Beauty,36.05,4.72,4.42,6,mid,1,2,0,1770
P000344,Sports & Outdoors,146.45,4.88,4.42,42,mid,1,4,0,1799
P000863,Toys & Games,63.13,4.71,4.42,19,budget,0,1,1,1181
P000553,Clothing,54.37,4.93,4.41,56,mid,0,6,0,1485
P003552,Books,18.88,4.71,4.41,451,mid,0,7,0,275
P002047,Home & Kitchen,30.56,4.07,4.41,34,mid,0,6,0,416
P001890,Home & Kitchen,158.92,4.74,4.41,305,budget,1,7,0,1293
P001160,Toys & Games,19.72,4.42,4.41,60,mid,1,5,0,113
P000948,Health,67.82,4.6,4.41,5,mid,1,4,0,1096
P003617,Home & Kitchen,47.5,4.27,4.41,22,budget,1,6,0,454
P002953,Electronics,660.95,4.68,4.41,13,premium,0,7,0,1548
P000327,Toys & Games,27.79,4.34,4.41,4,mid,0,2,1,1470
P000158,Sports & Outdoors,99.7,4.42,4.4,21,budget,0,1,1,201
P000714,Health,66.58,4.81,4.4,34,mid,1,3,0,99
P002873,Electronics,206.87,4.77,4.4,89,premium,1,4,1,754
P004154,Home & Kitchen,129.56,4.91,4.4,26,mid,1,0,1,70
P004612,Clothing,69.69,4.66,4.4,21,mid,1,1,1,720
P000342,Food & Grocery,38.34,4.68,4.4,3,premium,1,3,1,1739
P003093,Health,50.1,4.9,4.4,48,mid,1,6,0,1297
P000996,Home & Kitchen,25.53,4.65,4.4,6,premium,1,6,0,602
P004304,Home & Kitchen,103.21,4.83,4.4,12,mid,0,5,0,72
P000180,Beauty,29.25,4.48,4.39,38,budget,1,0,1,499
P004955,Clothing,40.12,4.33,4.39,9,budget,1,5,0,157
P000336,Sports & Outdoors,89.73,4.73,4.39,61,budget,0,5,1,892
P004315,Electronics,186.11,4.64,4.39,12,mid,1,1,0,296
P001757,Electronics,165.94,4.58,4.39,10,mid,0,4,1,536
P004232,Electronics,256.51,4.88,4.39,23,premium,1,2,0,1655
P004482,Sports & Outdoors,52.52,4.73,4.39,132,budget,1,5,0,1186
P003213,Toys & Games,358.25,4.85,4.39,62,mid,0,3,0,161
P003038,Electronics,123.59,4.59,4.39,35,mid,0,2,0,504
P001684,Clothing,59.36,4.65,4.39,33,budget,0,0,1,567
P002652,Home & Kitchen,45.47,4.54,4.39,65,mid,1,0,0,1179
P002313,Home & Kitchen,28.91,4.62,4.38,16,mid,0,2,0,1261
P003362,Home & Kitchen,27.12,4.8,4.38,26,premium,0,2,0,812
P003961,Clothing,61.69,4.46,4.38,10,budget,1,6,1,277
P004313,Clothing,13.84,4.78,4.38,58,mid,1,2,0,1067
P000530,Clothing,23.47,4.66,4.38,249,budget,1,6,1,1432
P003766,Toys & Games,43.18,4.61,4.38,4,budget,1,3,1,1729
P004478,Clothing,37.14,4.64,4.38,79,premium,0,1,0,1617
P002354,Books,9.18,4.84,4.38,16,mid,0,2,0,1475
P002548,Electronics,248.62,4.39,4.38,5,budget,1,3,0,1026
P003436,Books,12.5,4.63,4.38,46,budget,1,6,1,539
P003580,Electronics,94.7,3.97,4.38,58,mid,1,6,0,381
P000886,Home & Kitchen,44.65,4.87,4.38,446,budget,0,5,0,1277
P004146,Clothing,89.78,4.69,4.38,3,mid,1,3,1,93
P004521,Electronics,183.07,4.4,4.38,91,premium,1,0,0,1694
P001853,Books,16.95,4.58,4.38,4,mid,0,5,0,1330
P001029,Beauty,16.66,4.75,4.38,17,mid,1,6,0,979
P001444,Electronics,196.76,4.49,4.37,14,budget,0,4,0,1214
P002855,Beauty,15.65,4.7,4.37,8,budget,0,6,0,1521
P003467,Sports & Outdoors,114.6,4.56,4.37,25,budget,1,0,0,1173
P000477,Home & Kitchen,92.59,4.0,4.37,559,premium,1,6,0,1769
P002868,Books,30.05,4.91,4.37,31,premium,0,5,1,1216
P001128,Beauty,15.33,4.65,4.37,76,mid,1,7,0,1047
P004854,Electronics,89.02,4.49,4.37,73,mid,1,5,0,461
P004631,Clothing,87.41,4.21,4.37,30,budget,1,1,1,614
P001044,Sports & Outdoors,330.54,4.55,4.37,5,budget,1,4,0,1598
P002302,Beauty,24.98,4.74,4.37,46,mid,1,6,0,327
P003925,Clothing,36.45,4.36,4.37,35,mid,0,5,0,464
P001834,Clothing,50.26,4.41,4.37,46,budget,1,6,0,122
P001521,Clothing,69.38,4.26,4.37,22,budget,0,2,0,1568
P001581,Health,65.36,4.71,4.37,262,premium,1,7,0,890
P002460,Books,13.46,4.27,4.36,57,mid,1,2,0,1279
P001751,Sports & Outdoors,43.9,4.35,4.36,74,mid,1,0,0,1780
P003725,Toys & Games,30.88,4.39,4.36,7,premium,1,0,0,218
P001870,Toys & Games,31.7,4.2,4.36,59,mid,1,5,0,498
P000807,Beauty,9.89,4.66,4.36,151,budget,1,4,0,172
P002013,Electronics,147.77,4.74,4.36,25,mid,1,5,0,1151
P002522,Books,20.1,4.65,4.36,82,budget,0,2,0,1530
P001749,Home & Kitchen,47.32,4.46,4.36,1,mid,1,7,0,1222
P002094,Clothing,22.32,4.73,4.36,18,budget,1,1,1,1511
P003087,Clothing,25.69,4.89,4.36,29,mid,1,2,0,1581
P003024,Books,34.46,4.83,4.35,3,mid,0,4,0,1709
P000299,Toys & Games,73.84,4.44,4.35,58,mid,0,2,0,1342
P003520,Toys & Games,16.11,3.93,4.35,14,mid,0,2,0,683
P002412,Automotive,217.65,4.44,4.35,129,mid,0,5,0,641
P002552,Books,11.69,4.47,4.35,6,premium,0,5,0,1198
P001062,Sports & Outdoors,21.55,4.75,4.35,38,mid,1,3,0,406
P001192,Home & Kitchen,28.7,4.85,4.35,40,premium,1,2,0,997
P004622,Food & Grocery,6.54,4.79,4.35,144,budget,1,0,0,1236
P000249,Home & Kitchen,125.37,4.95,4.35,117,mid,1,3,0,1143
P001257,Beauty,27.66,4.82,4.35,85,mid,0,3,0,476
P002661,Health,33.79,4.95,4.35,340,mid,0,7,0,870
P003824,Electronics,186.03,4.51,4.35,6,mid,1,0,1,271
P002110,Electronics,124.28,4.68,4.35,114,mid,0,2,0,332
P003511,Food & Grocery,48.8,4.57,4.34,45,mid,1,3,0,661
P003257,Electronics,273.13,4.25,4.34,28,premium,1,4,0,894
P003781,Electronics,278.96,4.41,4.34,54,mid,1,2,0,179
P003434,Clothing,78.48,4.8,4.34,6,budget,1,3,0,872
P004046,Clothing,22.32,4.43,4.34,38,mid,1,3,0,752
P000253,Home & Kitchen,55.4,4.62,4.34,51,mid,1,3,0,833
P003662,Health,63.5,4.85,4.34,71,mid,1,6,1,166
P003263,Electronics,349.15,4.62,4.33,29,premium,0,1,0,425
P002165,Health,127.55,4.74,4.33,99,mid,1,7,0,929
P004229,Books,7.93,4.51,4.33,138,mid,0,0,0,575
P004623,Sports & Outdoors,41.32,4.54,4.33,6,mid,1,4,1,1170
P002384,Electronics,364.73,4.88,4.33,65,mid,1,5,0,318
P003875,Automotive,49.32,4.58,4.33,48,mid,1,2,0,503
P003504,Sports & Outdoors,155.77,4.43,4.32,25,budget,1,2,1,1253
P001110,Clothing,50.16,4.88,4.32,36,mid,1,0,0,941
P002002,Home & Kitchen,19.76,4.63,4.32,195,budget,0,4,0,602
P003259,Books,27.01,4.73,4.32,44,budget,0,0,0,944
P004877,Clothing,124.75,4.49,4.32,8,mid,0,4,0,1151
P000001,Toys & Games,16.55,4.07,4.31,37,premium,0,4,0,655
P004644,Electronics,244.26,4.91,4.31,10,mid,1,1,0,771
P000366,Home & Kitchen,103.58,4.55,4.31,33,budget,1,4,0,1351
P000983,Beauty,57.72,4.73,4.31,301,budget,1,0,0,1011
P002021,Sports & Outdoors,27.07,4.46,4.31,68,budget,1,4,0,733
P000874,Home & Kitchen,107.51,4.51,4.31,30,budget,0,0,0,1630
P004181,Beauty,41.09,4.86,4.31,17,budget,1,4,1,827
P004881,Electronics,251.63,4.44,4.31,26,mid,0,0,0,1504
P001262,Home & Kitchen,150.23,4.56,4.31,22,budget,0,7,0,362
P000796,Home & Kitchen,45.17,4.6,4.31,5,mid,0,0,0,1786
P004538,Health,33.78,4.51,4.31,18,mid,0,7,0,676
P004216,Clothing,32.37,4.92,4.31,102,mid,1,3,0,210
P002036,Toys & Games,12.04,4.75,4.31,3,mid,0,3,0,339
P000176,Electronics,188.49,4.22,4.31,11,budget,1,1,0,413
P002357,Books,36.33,4.92,4.31,35,mid,1,2,0,433
P004257,Electronics,166.25,4.16,4.3,15,premium,1,6,0,904
P001954,Automotive,130.29,4.58,4.3,29,budget,1,1,0,667
P004608,Clothing,25.4,4.55,4.3,81,budget,0,3,0,319
P002346,Electronics,115.36,4.52,4.3,11,premium,0,7,1,991
P000394,Beauty,19.31,4.46,4.3,93,premium,0,1,0,169
P001495,Home & Kitchen,59.33,4.58,4.3,24,premium,1,3,0,59
P003826,Books,12.54,4.63,4.3,22,mid,1,0,0,1116
P003479,Food & Grocery,64.71,4.45,4.3,628,mid,1,1,0,268
P002425,Health,35.39,4.89,4.3,21,mid,0,4,0,1786
P003207,Electronics,177.85,4.32,4.3,23,mid,1,5,0,167
P002731,Electronics,183.09,4.56,4.3,95,mid,1,4,0,505
P002077,Automotive,73.16,4.46,4.3,15,budget,0,3,0,571
P001592,Electronics,283.45,4.52,4.29,7,mid,1,6,0,1686
P000733,Electronics,122.13,4.07,4.29,18,premium,0,7,0,709
P002307,Books,25.85,4.23,4.29,293,budget,0,5,0,128
P001031,Books,40.87,4.75,4.29,57,premium,1,3,0,1478
P001625,Home & Kitchen,86.68,4.34,4.29,12,premium,1,0,0,1514
P003057,Sports & Outdoors,41.86,4.56,4.29,348,budget,0,0,0,894
P001116,Electronics,103.61,4.41,4.29,40,premium,1,3,0,1672
P001823,Books,50.98,4.28,4.29,104,premium,1,7,0,742
P000311,Home & Kitchen,29.38,4.62,4.29,97,mid,1,3,0,793
P003678,Books,14.57,4.59,4.29,19,premium,0,1,0,1517
P000722,Home & Kitchen,151.6,4.34,4.29,308,budget,0,2,0,1437
P002364,Health,48.9,4.78,4.28,6,mid,0,0,0,67
P002037,Food & Grocery,13.27,4.34,4.28,5,premium,1,6,0,194
P002695,Health,49.87,4.67,4.28,104,mid,0,7,0,901
P001840,Beauty,8.89,4.88,4.28,39,budget,1,2,0,102
P001105,Electronics,282.31,4.61,4.28,7,mid,1,0,0,275
P000300,Sports & Outdoors,22.87,4.29,4.28,18,mid,0,2,1,1489
P002914,Beauty,25.43,4.72,4.28,45,premium,1,7,0,274
P002869,Food & Grocery,31.96,4.32,4.28,54,mid,1,5,0,1539
P003522,Health,28.52,4.33,4.28,31,budget,1,2,0,883
P000706,Books,12.92,4.63,4.28,15,mid,0,4,0,740
P002375,Home & Kitchen,51.76,4.13,4.28,78,premium,1,4,1,57
P001668,Clothing,44.19,4.63,4.28,136,premium,1,4,0,713
P004726,Clothing,79.85,4.78,4.28,82,mid,1,4,0,1562
P001397,Books,16.76,4.73,4.27,41,mid,1,3,0,1303
P001296,Home & Kitchen,153.55,4.41,4.27,25,budget,0,5,0,728
P002789,Food & Grocery,14.5,4.77,4.27,131,mid,0,1,0,1740
P003040,Sports & Outdoors,92.25,4.26,4.27,16,budget,1,0,0,960
P000555,Electronics,340.92,4.53,4.27,1,mid,1,6,0,455
P001482,Electronics,352.74,4.48,4.27,23,mid,1,7,0,1744
P000790,Sports & Outdoors,44.09,4.28,4.27,96,mid,0,0,0,1201
P001795,Health,14.15,4.32,4.27,170,budget,0,1,0,247
P003794,Electronics,457.19,4.77,4.27,41,mid,1,1,0,1327
P000587,Electronics,247.66,4.28,4.27,78,premium,0,6,0,1693
P001570,Books,13.71,4.86,4.27,15,mid,0,6,0,347
P001259,Books,5.15,4.59,4.27,5,premium,1,7,0,538
P002423,Toys & Games,22.34,4.83,4.27,20,premium,1,2,0,1418
P002806,Clothing,28.76,4.42,4.27,154,premium,1,1,0,681
P003448,Beauty,24.56,4.09,4.26,21,mid,1,1,0,1396
P002071,Health,60.2,4.82,4.26,56,budget,1,3,0,854
P004499,Health,34.23,4.65,4.26,38,premium,0,7,0,1797
P004501,Electronics,215.1,4.48,4.26,603,budget,0,6,0,1180
P000136,Electronics,228.45,4.73,4.26,240,premium,1,2,0,151
P004842,Home & Kitchen,123.2,4.63,4.26,71,budget,0,5,0,149
P000138,Books,10.28,3.77,4.26,9,mid,0,5,1,790
P003408,Clothing,24.6,4.81,4.26,44,budget,0,3,0,242
P002114,Sports & Outdoors,55.04,4.27,4.26,220,budget,0,0,1,97
P003406,Toys & Games,49.42,4.47,4.26,51,premium,1,3,0,412
P002606,Electronics,146.2,4.75,4.26,75,premium,0,0,0,352
P002467,Toys & Games,10.5,4.38,4.26,131,mid,0,5,1,861
P001197,Clothing,9.5,4.11,4.26,147,premium,0,2,0,1626
P002418,Books,15.73,4.26,4.26,26,mid,1,7,1,758
P002051,Automotive,84.83,4.69,4.26,5,budget,1,2,0,1761
P000767,Clothing,13.65,4.86,4.26,51,mid,1,6,0,1565
P004298,Sports & Outdoors,62.63,4.88,4.26,13,mid,1,5,0,276
P002525,Food & Grocery,12.74,4.78,4.26,34,budget,0,0,0,833
P002399,Electronics,158.92,4.51,4.25,166,mid,1,5,0,619
P000322,Books,20.94,4.41,4.25,12,mid,1,6,0,1164
P004392,Toys & Games,30.62,4.44,4.25,9,premium,1,5,0,378
P003753,Home & Kitchen,134.99,4.92,4.25,1,mid,1,7,0,1062
P003383,Food & Grocery,25.6,4.44,4.25,19,budget,1,6,0,256
P000179,Health,30.08,4.69,4.25,28,mid,0,2,0,1427
P000768,Electronics,74.55,4.7,4.25,267,mid,1,2,0,1771
P003482,Beauty,17.08,4.18,4.25,21,mid,1,1,1,731
P001087,Toys & Games,66.59,4.65,4.25,10,mid,1,5,0,832
P000386,Automotive,41.54,4.8,4.25,217,premium,1,6,0,1643
P001566,Home & Kitchen,56.11,4.73,4.25,27,budget,1,3,0,1154
P001805,Beauty,22.04,4.63,4.24,13,budget,1,3,1,1774
P000606,Toys & Games,51.95,4.06,4.24,44,premium,1,1,0,1123
P000500,Books,15.49,4.72,4.24,127,mid,1,3,0,1382
P003318,Electronics,204.08,4.78,4.24,20,mid,1,7,0,574
P004307,Books,10.55,4.57,4.24,16,mid,1,3,0,544
P004450,Electronics,60.52,4.27,4.24,132,mid,1,7,1,1730
P004986,Clothing,65.95,4.95,4.24,10,budget,1,6,1,1369
P000769,Electronics,111.36,4.8,4.24,80,mid,1,2,0,195
P001333,Books,37.27,4.72,4.24,9,premium,1,1,0,1610
P001713,Automotive,210.28,4.74,4.24,8,mid,0,2,0,1065
P003602,Electronics,161.51,4.41,4.24,20,mid,0,4,0,1061
P003054,Toys & Games,54.85,4.55,4.24,219,budget,0,6,0,1718
P001696,Books,13.67,4.26,4.24,5,budget,0,2,0,417
P001903,Health,37.29,4.85,4.24,10,mid,1,0,0,1395
P003832,Sports & Outdoors,29.0,4.52,4.24,64,budget,0,5,1,948
P003748,Health,26.95,4.58,4.24,77,budget,1,4,1,1011
P003372,Electronics,123.8,4.77,4.23,5,premium,1,0,0,1783
P004180,Health,35.37,4.21,4.23,121,budget,1,6,0,1031
P004118,Health,14.19,4.33,4.23,21,mid,1,3,0,1084
P002672,Home & Kitchen,64.89,4.79,4.23,35,budget,0,4,1,852
P004843,Clothing,27.48,4.41,4.23,103,mid,1,7,0,1469
P003469,Clothing,53.45,4.29,4.23,23,mid,1,3,1,1389
P001533,Books,18.81,4.79,4.23,27,mid,1,4,0,1764
P004424,Clothing,56.7,4.33,4.23,284,premium,1,6,0,1777
P002831,Clothing,26.15,4.34,4.23,31,mid,0,2,0,1139
P001395,Toys & Games,205.79,4.55,4.23,10,mid,1,0,0,1602
P000475,Clothing,27.4,4.5,4.23,19,mid,0,6,0,910
P002923,Electronics,331.11,4.54,4.23,10,budget,1,0,0,1712
P002026,Home & Kitchen,33.3,4.28,4.23,16,premium,0,4,0,701
P000101,Health,24.78,4.52,4.23,50,budget,1,6,1,763
P004732,Food & Grocery,9.92,4.51,4.23,147,mid,1,0,1,899
P004540,Home & Kitchen,84.23,4.7,4.23,120,budget,1,1,0,1430
P003150,Clothing,51.19,4.68,4.23,19,premium,1,2,0,454
P001797,Books,12.24,4.37,4.23,49,mid,1,2,1,1259
P003755,Home & Kitchen,103.14,4.77,4.23,60,budget,1,6,0,1384
P004500,Toys & Games,105.06,4.32,4.22,3,mid,1,0,0,509
P000792,Home & Kitchen,39.42,4.71,4.22,45,mid,0,0,0,209
P001457,Clothing,14.96,4.83,4.22,7,budget,0,6,0,864
P002555,Clothing,70.69,4.45,4.22,122,budget,0,5,0,630
P002772,Toys & Games,5.28,4.77,4.22,13,premium,1,4,0,106
P000684,Home & Kitchen,71.94,4.74,4.22,13,budget,1,7,0,1625
P003894,Books,15.94,4.62,4.22,6,mid,1,2,1,1386
P001549,Clothing,22.79,4.53,4.22,10,budget,0,0,0,116
P000991,Sports & Outdoors,218.13,4.47,4.22,55,mid,1,5,1,640
P001403,Automotive,350.95,4.47,4.22,4,budget,0,2,0,1176
P003001,Toys & Games,50.46,3.89,4.22,27,mid,1,6,0,1581
P003593,Toys & Games,23.53,4.06,4.22,486,budget,0,2,1,922
P004887,Electronics,88.99,4.33,4.22,11,mid,1,7,0,883
P003818,Clothing,90.61,4.83,4.22,7,mid,1,2,0,1546
P001438,Books,17.34,4.49,4.21,21,premium,0,3,0,247
P003204,Sports & Outdoors,135.49,4.81,4.21,11,mid,1,2,1,1430
P000462,Electronics,207.1,4.74,4.21,9,budget,0,6,0,1493
P001265,Books,17.54,4.13,4.21,3,mid,0,5,0,797
P004314,Toys & Games,14.66,4.37,4.21,23,mid,1,6,0,620
P000114,Books,12.83,4.51,4.21,79,budget,0,6,0,1044
P001620,Electronics,242.52,4.15,4.21,26,mid,0,3,0,263
P001092,Sports & Outdoors,84.51,4.37,4.21,154,mid,1,1,1,1564
P003906,Sports & Outdoors,53.53,4.44,4.21,55,mid,1,3,0,767
P001184,Electronics,203.09,4.03,4.21,207,budget,0,5,0,466
P004189,Electronics,458.56,4.84,4.21,38,premium,0,4,1,363
P001959,Health,27.82,4.35,4.21,159,mid,0,3,0,611
P002963,Electronics,44.2,4.65,4.21,141,mid,1,4,0,1049
P003609,Clothing,36.47,3.65,4.21,75,budget,0,5,1,837
P004016,Books,25.54,4.5,4.21,60,budget,1,3,0,1433
P004156,Electronics,292.64,4.23,4.21,16,mid,0,5,0,340
P004337,Electronics,649.66,4.49,4.21,116,premium,1,5,0,314
P004714,Health,50.51,4.43,4.21,47,premium,1,7,0,458
P003265,Clothing,81.01,4.81,4.21,12,mid,1,5,0,169
P001527,Home & Kitchen,90.88,4.33,4.21,37,budget,1,3,0,657
P003941,Electronics,75.72,4.82,4.21,177,premium,1,0,1,791
P001336,Health,60.0,4.48,4.21,9,budget,0,7,0,1079
P000069,Electronics,228.84,4.24,4.2,10,mid,1,2,0,463
P002343,Beauty,26.92,4.63,4.2,77,budget,1,0,0,1634
P003585,Food & Grocery,18.91,4.34,4.2,23,mid,1,2,0,265
P004191,Electronics,107.34,4.26,4.2,873,premium,1,5,0,1527
P002192,Books,20.58,4.76,4.2,143,budget,1,5,0,294
P003193,Books,27.54,4.62,4.2,4,mid,1,2,0,1723
P004342,Electronics,144.71,4.49,4.2,9,mid,1,6,1,1621
P003490,Books,21.46,4.54,4.2,21,budget,1,7,1,1151
P003741,Clothing,45.48,4.29,4.2,4,premium,0,0,1,697
P002511,Home & Kitchen,52.09,4.23,4.2,34,premium,1,4,1,1569
P000002,Home & Kitchen,39.75,4.61,4.2,124,mid,1,0,0,1589
P000480,Home & Kitchen,42.51,4.81,4.2,2,budget,0,4,1,1479
P002171,Home & Kitchen,100.06,4.48,4.19,48,budget,1,2,0,1420
P002317,Electronics,392.92,4.2,4.19,3,mid,0,0,0,1586
P001880,Books,50.98,4.84,4.19,28,premium,1,7,1,805
P000450,Sports & Outdoors,89.15,4.52,4.19,77,budget,1,5,0,396
P001439,Food & Grocery,15.98,4.4,4.19,5,mid,0,5,0,337
P003601,Clothing,45.81,4.03,4.19,3,mid,1,0,0,315
P003701,Health,103.71,4.84,4.19,38,mid,1,5,0,1364
P003731,Food & Grocery,12.44,4.86,4.19,211,mid,1,2,1,1764
P002327,Clothing,27.6,3.97,4.19,40,mid,1,1,0,1386
P003592,Clothing,57.38,4.29,4.19,1,budget,0,5,0,762
P004570,Books,10.97,4.67,4.19,335,mid,1,5,0,1399
P001263,Clothing,55.69,4.57,4.19,6,mid,1,4,0,1746
P001277,Clothing,158.05,4.32,4.19,32,mid,0,5,0,916
P004411,Home & Kitchen,54.9,4.25,4.18,187,mid,1,1,0,1187
P004398,Beauty,25.13,4.81,4.18,11,mid,0,0,1,322
P003732,Health,141.22,4.26,4.18,34,budget,1,3,0,1143
P001944,Electronics,755.81,4.63,4.18,60,mid,0,4,1,41
P002080,Electronics,120.08,4.37,4.18,27,budget,1,0,0,161
P001486,Electronics,135.14,4.45,4.18,52,mid,0,5,0,720
P004928,Books,14.3,4.19,4.18,120,mid,0,4,1,1550
P002287,Health,60.45,4.47,4.18,131,mid,0,1,0,1171
P000680,Home & Kitchen,38.85,4.04,4.18,21,budget,1,2,0,1321
P000652,Health,24.68,4.53,4.18,29,budget,1,4,0,153
P003062,Home & Kitchen,52.12,4.22,4.18,2,mid,0,5,0,1084
P003346,Beauty,48.22,4.66,4.18,31,premium,1,3,0,808
P001835,Clothing,28.15,4.19,4.18,36,premium,0,2,0,322
P001127,Books,24.97,4.53,4.18,55,mid,0,4,1,1641
P000925,Electronics,361.79,4.31,4.18,10,premium,1,4,1,1772
P003103,Food & Grocery,25.01,4.35,4.18,348,premium,1,4,0,294
P000654,Clothing,43.84,4.09,4.17,43,budget,0,0,1,40
P003477,Toys & Games,7.64,4.31,4.17,818,budget,1,3,0,1073
P004434,Home & Kitchen,29.82,4.12,4.17,44,budget,0,6,0,1051
P000993,Toys & Games,138.99,3.89,4.17,26,budget,1,6,0,1217
P003025,Clothing,32.91,4.13,4.17,86,premium,0,3,1,605
P003345,Books,52.26,4.66,4.17,6,premium,0,7,0,586
P003081,Clothing,39.96,3.84,4.17,46,mid,1,1,0,951
P001314,Electronics,83.47,4.95,4.17,13,premium,0,2,1,1330
P002326,Automotive,54.75,4.59,4.17,129,premium,1,6,0,104
P004148,Beauty,38.37,4.68,4.17,40,mid,1,4,1,1088
P002492,Home & Kitchen,83.05,4.9,4.17,21,mid,0,0,0,645
P000054,Sports & Outdoors,183.69,4.3,4.17,4,mid,0,7,1,644
P002463,Electronics,276.05,4.08,4.17,4,mid,0,3,0,1333
P002100,Clothing,146.67,4.21,4.17,424,mid,1,5,1,48
P004518,Clothing,210.15,4.8,4.17,3,budget,0,7,1,659
P000512,Health,99.51,4.62,4.17,52,budget,0,4,1,1261
P001242,Clothing,149.27,4.47,4.17,32,mid,0,3,0,1335
P002196,Toys & Games,65.01,4.58,4.17,40,premium,1,2,1,120
P001914,Books,22.28,4.62,4.17,11,budget,0,6,1,1628
P002674,Home & Kitchen,59.6,4.68,4.16,9,mid,1,4,1,1332
P004134,Books,14.41,4.36,4.16,154,mid,1,2,0,850
P003012,Health,37.9,4.84,4.16,44,budget,1,1,0,1455
P003694,Books,5.53,4.68,4.16,96,premium,1,5,0,854
P004448,Books,27.5,4.4,4.16,37,mid,1,5,0,951
P000632,Toys & Games,40.74,4.3,4.16,33,mid,1,6,0,563
P001360,Electronics,99.32,4.78,4.16,39,budget,1,3,0,1585
P000437,Electronics,352.09,4.13,4.16,6,mid,1,4,0,1100
P004258,Home & Kitchen,43.63,3.88,4.16,439,mid,0,6,0,580
P000788,Clothing,54.45,4.58,4.16,13,budget,1,0,0,732
P003571,Toys & Games,106.87,4.67,4.16,1580,mid,1,6,0,1598
P003805,Electronics,182.11,4.29,4.16,34,premium,0,1,0,1289
P002362,Electronics,357.67,4.43,4.16,115,mid,0,5,1,755
P000169,Clothing,23.98,4.3,4.16,112,mid,1,3,0,1754
P003676,Health,85.82,4.45,4.16,49,budget,0,5,0,1453
P000134,Home & Kitchen,23.58,4.36,4.16,34,mid,0,5,0,1143
P001473,Electronics,113.32,4.72,4.16,5,premium,0,5,0,1592
P002894,Sports & Outdoors,56.23,4.34,4.16,210,premium,0,6,0,1353
P000078,Sports & Outdoors,68.2,4.15,4.16,38,budget,1,0,0,962
P001108,Home & Kitchen,49.92,4.52,4.16,54,mid,1,6,0,362
P003893,Books,32.01,3.99,4.16,16,premium,1,5,0,1665
P004978,Clothing,16.68,4.76,4.16,26,mid,0,5,0,1549
P004750,Electronics,380.64,4.05,4.16,102,premium,1,3,0,106
P001540,Home & Kitchen,171.02,4.35,4.15,77,mid,1,0,1,499
P002149,Toys & Games,36.01,4.18,4.15,306,mid,0,2,0,1471
P002604,Beauty,30.05,3.94,4.15,181,budget,1,0,1,590
P002303,Home & Kitchen,67.37,4.26,4.15,41,premium,0,1,0,976
P003471,Home & Kitchen,23.37,4.44,4.15,71,mid,1,6,0,943
P001836,Electronics,102.05,4.4,4.15,149,mid,1,1,0,1034
P000597,Beauty,14.81,4.45,4.15,42,premium,0,6,0,251
P002156,Health,28.84,4.91,4.15,82,premium,1,5,0,1458
P000228,Books,30.7,4.74,4.15,6,mid,0,3,0,192
P000498,Sports & Outdoors,64.49,4.56,4.15,0,premium,1,6,0,1305
P002001,Health,40.87,4.7,4.15,10,mid,1,4,1,224
P001345,Automotive,118.24,4.71,4.15,73,budget,0,1,1,525
P003758,Clothing,51.25,4.48,4.15,1003,budget,1,7,0,605
P004103,Books,20.22,4.28,4.15,52,mid,1,0,0,734
P000872,Electronics,233.51,4.24,4.15,30,mid,1,7,0,1115
P002985,Electronics,149.03,4.54,4.15,51,budget,1,2,0,1788
P001389,Health,74.92,4.52,4.15,20,mid,0,5,0,656
P001252,Electronics,169.91,4.1,4.15,33,budget,1,3,1,634
P000413,Electronics,107.98,4.27,4.14,57,mid,1,3,0,1625
P000159,Beauty,17.63,4.72,4.14,10,premium,1,3,0,1472
P002380,Beauty,64.53,4.32,4.14,10,budget,1,6,0,1278
P002376,Electronics,196.69,4.39,4.14,25,mid,1,4,0,1040
P002448,Home & Kitchen,82.36,4.47,4.14,19,mid,1,0,1,1136
P000334,Health,27.33,4.6,4.14,54,mid,0,0,0,50
P002099,Electronics,254.59,4.2,4.14,9,budget,1,4,0,810
P004558,Beauty,16.38,4.47,4.14,260,mid,0,4,1,1753
P002052,Electronics,79.8,4.73,4.14,72,mid,0,6,0,49
P001272,Home & Kitchen,37.43,4.57,4.14,85,mid,1,6,0,1438
P000798,Electronics,68.92,4.67,4.14,2,mid,1,7,1,1235
P001589,Clothing,49.12,4.5,4.14,8,mid,1,5,0,1147
P003645,Electronics,141.94,4.5,4.14,30,premium,0,6,0,922
P000878,Clothing,27.06,4.42,4.14,35,mid,1,2,1,509
P002921,Automotive,44.52,4.11,4.13,14,premium,0,4,0,1771
P000314,Home & Kitchen,66.95,4.14,4.13,5,budget,0,2,0,1420
P003366,Clothing,49.31,4.72,4.13,46,premium,0,6,0,1579
P000137,Food & Grocery,17.11,4.55,4.13,34,mid,0,3,0,1657
P001987,Clothing,60.06,4.58,4.13,6,mid,1,3,0,1325
P004723,Clothing,66.74,4.05,4.13,75,mid,0,5,0,1265
P001659,Home & Kitchen,27.73,4.61,4.13,29,budget,0,6,1,1567
P003817,Home & Kitchen,80.81,4.42,4.13,68,budget,0,5,0,1678
P002335,Home & Kitchen,42.86,4.6,4.13,3,mid,1,6,1,344
P000200,Clothing,74.84,4.35,4.13,623,budget,1,6,1,464
P004773,Electronics,488.77,4.82,4.13,193,budget,1,7,1,1247
P000843,Books,29.04,4.85,4.13,46,mid,0,2,0,671
P000236,Toys & Games,85.94,4.73,4.13,19,mid,1,1,0,950
P001231,Clothing,29.2,4.13,4.13,55,mid,1,7,0,1129
P004401,Toys & Games,28.86,3.78,4.13,27,budget,0,0,0,1171
P000063,Books,13.16,4.67,4.13,18,budget,1,0,0,81
P002909,Food & Grocery,31.48,4.18,4.13,19,budget,0,0,1,76
P003812,Electronics,104.79,4.56,4.13,8,mid,1,7,0,1034
P001390,Electronics,176.41,4.59,4.13,37,mid,1,6,0,334
P000387,Beauty,26.29,4.3,4.13,40,mid,1,1,1,972
P000367,Toys & Games,34.82,4.69,4.13,55,premium,1,3,0,740
P000622,Books,13.39,4.64,4.13,66,budget,0,3,1,1025
P002811,Electronics,115.34,4.68,4.13,257,mid,1,4,0,1410
P000557,Clothing,30.02,4.6,4.13,49,mid,1,4,0,1398
P002116,Food & Grocery,33.41,4.52,4.13,15,mid,1,5,0,1408
P003944,Sports & Outdoors,55.04,4.28,4.13,7,mid,1,7,0,1507
P003502,Books,5.55,4.52,4.13,35,mid,1,4,1,957
P003125,Clothing,34.33,4.38,4.12,92,mid,0,1,0,1349
P002501,Electronics,158.61,4.15,4.12,75,budget,0,2,1,431
P001508,Home & Kitchen,134.11,4.45,4.12,17,mid,1,0,1,1700
P003497,Beauty,48.62,4.54,4.12,53,mid,1,6,1,1773
P004632,Home & Kitchen,66.31,4.75,4.12,334,budget,0,7,0,1097
P000318,Beauty,29.22,4.58,4.12,5,mid,1,1,0,369
P004987,Sports & Outdoors,69.74,3.95,4.12,36,budget,1,2,0,1557
P000853,Health,38.74,4.53,4.12,41,budget,0,2,0,1030
P002913,Books,7.1,4.61,4.12,22,mid,1,3,0,754
P001828,Books,13.41,4.47,4.12,28,mid,1,1,1,96
P002669,Books,15.72,4.32,4.12,16,budget,1,3,0,966
P003623,Home & Kitchen,62.37,4.79,4.12,25,mid,1,3,1,447
P003178,Home & Kitchen,37.63,4.79,4.12,15,premium,1,3,1,1616
P001691,Toys & Games,15.18,4.34,4.12,9,budget,0,6,0,323
P004060,Toys & Games,71.91,4.64,4.12,25,mid,0,3,0,1315
P000390,Health,59.26,4.36,4.12,13,budget,0,7,1,965
P003524,Home & Kitchen,43.45,4.2,4.11,33,mid,1,1,0,1160
P004604,Sports & Outdoors,63.36,4.55,4.11,5,premium,0,1,1,604
P001015,Home & Kitchen,112.11,4.47,4.11,2,mid,1,7,1,405
P004044,Food & Grocery,37.62,4.09,4.11,33,premium,0,5,0,177
P002780,Electronics,188.77,4.7,4.11,23,premium,1,2,0,1130
P004389,Beauty,27.03,4.04,4.11,18,mid,1,6,0,1677
P003312,Food & Grocery,31.55,4.13,4.11,9,budget,0,0,1,472
P002429,Sports & Outdoors,21.88,4.21,4.11,26,mid,0,3,1,1010
P002348,Toys & Games,15.0,3.64,4.11,38,mid,1,6,1,1483
P000036,Clothing,92.27,4.5,4.11,37,budget,1,4,0,1738
P001724,Books,26.45,4.56,4.11,3,mid,1,2,1,1403
P000929,Sports & Outdoors,59.41,4.79,4.11,34,mid,0,1,1,804
P001378,Health,18.94,4.26,4.11,69,mid,0,7,0,1425
P004827,Electronics,216.4,4.51,4.11,137,budget,0,3,0,1349
P003002,Sports & Outdoors,45.9,4.01,4.11,10,premium,1,5,0,851
P000305,Health,229.37,4.59,4.11,194,budget,1,6,1,1235
P004913,Home & Kitchen,85.53,4.11,4.11,221,mid,1,0,0,860
P001253,Electronics,204.87,4.35,4.11,9,mid,1,0,0,785
P000964,Electronics,183.75,4.3,4.1,15,budget,0,5,1,273
P001596,Beauty,9.86,4.38,4.1,16,mid,1,0,0,1395
P004981,Food & Grocery,25.02,4.45,4.1,13,mid,1,1,1,1726
P002265,Books,31.06,4.11,4.1,42,premium,1,3,0,1634
P003462,Toys & Games,62.99,4.05,4.1,71,mid,0,0,0,639
P003800,Clothing,19.98,4.34,4.1,283,premium,0,5,0,1538
P004544,Books,15.71,4.63,4.1,14,mid,0,2,0,1608
P000757,Clothing,10.99,4.28,4.1,56,budget,1,6,0,59
P002428,Beauty,34.01,4.81,4.1,7,budget,1,2,0,870
P004601,Sports & Outdoors,103.66,4.04,4.1,5,mid,1,5,0,142
P001855,Health,16.7,4.0,4.1,39,premium,0,7,1,222
P002093,Books,42.33,4.24,4.1,41,budget,0,4,1,574
P001098,Toys & Games,25.25,4.67,4.1,33,mid,1,6,0,1344
P004132,Sports & Outdoors,165.22,4.43,4.1,90,budget,1,6,0,1065
P001162,Sports & Outdoors,233.76,4.07,4.1,85,budget,1,1,0,1540
P003570,Clothing,20.29,4.61,4.1,3,premium,1,1,0,300
P003855,Sports & Outdoors,59.54,4.21,4.1,134,mid,1,0,1,917
P004506,Home & Kitchen,94.23,4.39,4.1,51,budget,0,0,0,398
P001365,Home & Kitchen,114.81,4.62,4.1,21,budget,1,0,0,1094
P004048,Clothing,44.96,4.56,4.1,50,budget,0,6,1,821
P003473,Books,14.73,4.8,4.1,14,mid,0,2,1,361
P003935,Books,24.76,4.36,4.1,7,mid,1,7,0,727
P003407,Books,29.81,4.19,4.1,17,mid,0,1,0,517
P003940,Electronics,166.83,4.06,4.1,31,premium,0,0,0,1322
P000333,Beauty,43.66,4.59,4.1,30,premium,1,3,1,1274
P002563,Beauty,21.71,4.25,4.1,18,premium,1,2,0,102
P004960,Beauty,29.27,4.83,4.09,148,budget,1,1,0,1517
P001391,Food & Grocery,19.48,4.32,4.09,24,budget,1,7,0,814
P004265,Beauty,34.94,4.82,4.09,15,budget,0,6,1,1261
P003172,Beauty,35.05,4.06,4.09,156,budget,1,2,1,1349
P002237,Electronics,172.69,4.46,4.09,473,mid,0,0,1,1498
P000871,Beauty,25.9,4.73,4.09,8,mid,1,5,0,1066
P001792,Clothing,40.58,4.2,4.09,43,budget,0,4,0,528
P002958,Electronics,84.2,3.88,4.09,400,premium,0,5,0,1383
P001647,Clothing,87.03,3.81,4.09,14,mid,0,4,0,1360
P000820,Clothing,31.17,4.74,4.09,144,budget,0,6,0,1045
P001144,Toys & Games,29.3,4.7,4.09,12,mid,1,4,0,931
P002279,Health,44.19,4.05,4.09,82,mid,1,2,1,254
P000636,Electronics,144.89,3.99,4.09,79,budget,1,3,0,462
P003553,Home & Kitchen,62.55,4.78,4.09,13,budget,1,5,1,1772
P003050,Clothing,13.93,4.29,4.09,13,premium,1,5,1,1244
P002881,Electronics,57.9,4.71,4.09,118,budget,0,4,0,1334
P002419,Electronics,159.7,4.73,4.09,14,mid,0,5,0,107
P003860,Electronics,132.47,3.66,4.09,5,premium,1,2,0,437
P001925,Clothing,64.95,4.57,4.08,25,mid,0,3,0,719
P004611,Health,18.85,4.08,4.08,20,premium,0,4,1,1571
P001857,Clothing,67.51,4.6,4.08,76,mid,0,6,0,1533
P001928,Beauty,53.91,4.51,4.08,107,mid,0,5,0,1489
P004646,Automotive,65.29,4.44,4.08,351,mid,0,6,0,203
P004407,Food & Grocery,24.21,4.48,4.08,13,mid,1,5,0,1741
P003558,Food & Grocery,34.49,3.89,4.08,142,premium,1,3,0,1143
P000662,Health,41.15,4.01,4.08,4,budget,1,3,0,1448
P000808,Electronics,464.02,4.54,4.08,21,mid,0,4,1,1696
P002345,Beauty,25.09,4.68,4.08,39,premium,0,6,0,1586
P001030,Home & Kitchen,84.55,4.84,4.08,11,premium,1,6,0,1456
P004949,Sports & Outdoors,60.3,4.44,4.08,103,mid,1,2,0,456
P001966,Electronics,151.97,4.44,4.08,6,mid,1,4,0,590
P002589,Home & Kitchen,91.03,4.31,4.08,17,budget,0,7,0,451
P004081,Home & Kitchen,25.44,4.26,4.08,11,mid,0,5,0,394
P000081,Sports & Outdoors,37.79,4.27,4.08,18,budget,0,4,0,494
P000035,Home & Kitchen,28.63,4.36,4.07,11,premium,1,3,0,1619
P004475,Books,19.65,4.21,4.07,220,budget,1,7,0,1582
P001613,Toys & Games,24.88,4.44,4.07,8,mid,1,3,1,1216
P004470,Clothing,38.08,4.3,4.07,36,mid,1,5,0,1787
P004026,Food & Grocery,58.33,4.24,4.07,16,budget,1,0,0,1206
P004316,Sports & Outdoors,21.25,4.27,4.07,97,mid,1,6,1,541
P004880,Home & Kitchen,185.05,4.43,4.07,7,budget,1,0,0,987
P001832,Automotive,153.21,4.85,4.07,16,budget,0,0,0,1191
P002152,Electronics,166.02,4.6,4.07,6,premium,1,5,1,1042
P000784,Sports & Outdoors,55.47,4.3,4.07,69,budget,1,6,0,122
P002347,Health,40.69,4.8,4.07,118,premium,0,1,0,1553
P004819,Books,31.96,4.33,4.07,43,premium,1,2,0,348
P000209,Electronics,119.1,4.9,4.07,45,budget,0,4,0,871
P001375,Automotive,53.23,4.11,4.07,15,budget,0,0,0,905
P002213,Health,13.83,4.5,4.07,24,mid,1,0,0,108
P000178,Automotive,63.68,4.55,4.07,14,budget,1,6,0,1530
P003341,Home & Kitchen,75.37,4.57,4.07,26,mid,1,4,1,483
P001147,Beauty,37.77,4.1,4.07,116,budget,0,5,0,1636
P002378,Sports & Outdoors,177.51,4.48,4.07,32,budget,1,0,0,461
P000533,Home & Kitchen,119.06,4.24,4.07,1,mid,0,4,1,801
P001953,Toys & Games,36.2,4.51,4.06,25,budget,0,1,1,201
P001500,Sports & Outdoors,78.92,4.66,4.06,8,premium,1,7,0,1213
P004306,Electronics,116.32,3.71,4.06,110,mid,1,0,0,440
P003082,Electronics,49.64,3.94,4.06,136,mid,0,2,1,425
P001748,Books,24.44,4.0,4.06,37,budget,1,0,0,1687
P002054,Health,40.73,3.81,4.06,26,premium,1,2,1,1730
P003072,Automotive,31.84,4.34,4.06,25,mid,0,5,0,307
P001207,Sports & Outdoors,28.53,3.96,4.06,15,budget,1,4,1,1230
P003819,Beauty,22.96,4.57,4.06,11,mid,1,0,0,1799
P002940,Electronics,244.85,4.8,4.06,13,budget,1,0,0,1323
P002932,Clothing,59.72,3.9,4.06,31,premium,0,5,1,655
P003446,Clothing,32.06,4.54,4.06,20,premium,1,6,0,640
P003836,Home & Kitchen,35.28,4.14,4.06,120,mid,1,4,0,1754
P002514,Electronics,118.31,4.36,4.06,34,mid,1,5,0,1319
P002075,Home & Kitchen,84.03,4.75,4.06,25,mid,0,3,1,1197
P003594,Electronics,221.2,4.43,4.06,11,mid,1,1,1,528
P004126,Electronics,377.09,4.35,4.06,19,mid,0,2,0,316
P004826,Home & Kitchen,76.16,4.43,4.06,74,budget,0,3,0,1016
P004851,Clothing,182.78,4.19,4.06,32,mid,1,2,1,579
P002464,Sports & Outdoors,57.77,4.4,4.05,21,budget,1,3,0,1577
P004689,Health,18.38,3.71,4.05,1,mid,0,1,0,951
P003916,Clothing,49.72,4.4,4.05,7,mid,1,2,1,1210
P003521,Books,28.58,4.59,4.05,12,premium,1,5,0,636
P000104,Automotive,26.86,4.3,4.05,47,mid,1,4,0,1507
P000282,Clothing,43.59,3.99,4.05,30,mid,1,0,0,1703
P001379,Sports & Outdoors,65.48,4.32,4.05,166,premium,0,1,0,574
P004490,Books,11.96,4.76,4.05,32,mid,1,5,1,588
P002896,Electronics,175.06,4.04,4.05,3,mid,1,2,0,950
P001669,Electronics,509.36,4.4,4.05,35,mid,1,4,1,1426
P003646,Beauty,71.01,4.29,4.05,7,mid,1,2,0,88
P001346,Sports & Outdoors,65.94,4.27,4.05,95,budget,1,1,0,362
P004162,Clothing,63.02,4.68,4.05,36,mid,1,2,0,46
P000216,Beauty,38.01,4.72,4.05,17,premium,0,4,1,496
P000230,Electronics,158.27,4.72,4.05,35,budget,1,4,1,1784
P001244,Electronics,326.02,4.43,4.05,12,budget,1,7,0,56
P001576,Clothing,44.42,4.57,4.05,5,mid,1,7,0,163
P000591,Food & Grocery,38.31,4.76,4.04,13,budget,0,7,0,594
P004217,Beauty,12.33,4.02,4.04,58,budget,0,5,0,105
P001700,Beauty,10.7,4.63,4.04,47,premium,1,7,0,1116
P000813,Automotive,60.73,3.78,4.04,90,budget,1,2,0,1155
P003744,Books,16.08,4.41,4.04,3,mid,1,4,0,1277
P002340,Electronics,175.79,4.05,4.04,20,premium,0,7,0,96
P003199,Electronics,432.02,4.39,4.04,60,budget,1,0,0,653
P003501,Home & Kitchen,174.4,4.05,4.04,257,budget,0,4,0,1094
P003394,Electronics,965.36,4.27,4.04,3,mid,1,2,0,858
P004583,Health,44.48,4.64,4.04,1,budget,1,5,1,274
P004498,Books,11.99,4.27,4.04,65,premium,0,6,1,1596
P001396,Electronics,171.87,4.16,4.04,101,budget,1,3,0,232
P000162,Food & Grocery,22.07,4.22,4.04,7,mid,1,5,0,1491
P003765,Electronics,61.51,4.1,4.03,249,budget,1,1,0,1042
P002664,Clothing,35.34,3.82,4.03,2,mid,0,1,1,453
P002665,Books,12.66,4.65,4.03,39,budget,0,2,0,761
P000274,Sports & Outdoors,66.84,4.55,4.03,7,mid,1,4,0,299
P000742,Electronics,846.7,4.78,4.03,66,mid,1,4,0,620
P000711,Automotive,41.35,4.67,4.03,30,premium,1,6,0,734
P001817,Toys & Games,16.67,3.64,4.03,7,premium,1,5,0,1354
P002308,Home & Kitchen,37.93,4.51,4.03,7,mid,1,2,1,438
P000142,Books,11.29,4.4,4.03,12,mid,0,6,0,1417
P003837,Beauty,58.79,4.8,4.03,74,premium,1,6,0,1639
P004537,Sports & Outdoors,35.64,4.75,4.03,51,budget,1,3,1,1619
P004155,Sports & Outdoors,131.73,4.17,4.03,6,budget,1,3,0,634
P000223,Sports & Outdoors,170.39,4.56,4.03,124,mid,0,5,0,1662
P002440,Beauty,15.96,4.23,4.03,307,budget,0,4,0,517
P001045,Electronics,89.81,4.33,4.03,60,mid,1,6,0,583
P001021,Health,49.91,4.58,4.03,5,mid,1,0,0,1721
P004713,Sports & Outdoors,42.55,4.31,4.03,170,mid,0,0,0,343
P004678,Electronics,122.86,4.14,4.03,169,premium,0,4,1,345
P003422,Home & Kitchen,107.18,4.28,4.03,48,budget,1,3,0,1258
P000072,Home & Kitchen,108.34,4.42,4.03,8,mid,1,7,0,1033
P000354,Books,13.01,4.24,4.03,31,budget,0,5,0,621
P001920,Food & Grocery,8.6,4.67,4.03,46,budget,1,5,0,1495
P004209,Home & Kitchen,38.61,3.87,4.03,168,budget,0,4,0,1047
P000362,Electronics,307.87,3.85,4.03,8,premium,1,5,0,488
P001744,Food & Grocery,51.54,4.81,4.03,32,mid,1,4,0,1480
P003205,Food & Grocery,10.74,4.02,4.02,95,mid,1,1,0,1327
P002216,Electronics,225.56,4.62,4.02,5,mid,0,4,0,660
P000478,Sports & Outdoors,20.34,4.39,4.02,20,mid,1,0,0,794
P003637,Toys & Games,10.22,4.19,4.02,7,budget,0,2,1,370
P002033,Home & Kitchen,38.54,4.63,4.02,67,mid,0,1,0,1625
P000476,Clothing,44.87,4.34,4.02,155,mid,0,0,0,1217
P003791,Clothing,45.99,3.6,4.02,14,budget,1,4,0,1761
P000956,Health,34.21,4.82,4.02,41,mid,1,2,0,1565
P000970,Clothing,63.34,4.41,4.02,38,budget,1,7,1,1251
P001973,Beauty,86.89,3.97,4.02,21,budget,1,6,0,218
P001408,Electronics,387.62,4.34,4.02,105,premium,1,0,0,53
P001433,Electronics,385.0,4.47,4.02,4,budget,1,1,0,412
P001421,Beauty,20.01,4.43,4.02,46,budget,0,1,0,445
P002415,Books,22.73,4.34,4.02,19,mid,1,4,0,842
P003512,Beauty,22.56,4.83,4.02,146,mid,1,0,0,265
P004676,Electronics,144.16,4.3,4.02,159,mid,0,7,0,160
P004008,Electronics,168.06,4.39,4.02,17,budget,0,1,0,266
P004616,Clothing,16.37,4.39,4.02,8,mid,1,4,1,162
P003943,Clothing,57.9,3.62,4.02,55,mid,1,0,0,228
P002999,Automotive,102.36,4.4,4.01,9,mid,1,7,0,76
P004186,Toys & Games,21.47,4.63,4.01,9,mid,1,7,0,581
P004729,Sports & Outdoors,117.33,4.31,4.01,46,premium,1,7,1,1281
P001662,Sports & Outdoors,25.52,4.16,4.01,47,mid,0,1,0,628
P002012,Clothing,23.95,4.05,4.01,5,mid,1,2,0,274
P001090,Home & Kitchen,59.14,3.73,4.01,30,premium,0,4,0,996
P000092,Beauty,25.16,4.1,4.01,39,mid,1,2,1,1797
P000582,Books,25.16,4.24,4.01,18,premium,0,7,1,1193
P002834,Toys & Games,77.68,4.13,4.01,27,mid,0,5,0,1545
P000384,Home & Kitchen,74.11,3.98,4.01,103,mid,0,0,0,155
P000649,Beauty,31.89,4.69,4.01,53,budget,0,1,0,456
P000542,Books,31.69,4.64,4.01,63,budget,1,5,0,1264
P004705,Electronics,75.0,4.45,4.01,129,budget,0,0,0,1337
P003475,Books,8.41,4.24,4.0,12,budget,1,7,1,594
P004480,Automotive,94.62,4.49,4.0,13,premium,1,2,1,1409
P000106,Beauty,11.81,4.03,4.0,21,budget,0,2,0,650
P003917,Books,41.21,4.03,4.0,126,mid,0,2,1,947
P003373,Health,34.38,4.05,4.0,482,premium,1,4,0,1740
P004967,Home & Kitchen,86.11,4.5,4.0,543,budget,1,4,0,707
P001501,Beauty,27.05,3.96,4.0,75,premium,1,4,0,373
P000038,Home & Kitchen,19.49,4.29,4.0,344,budget,1,5,0,1144
P004784,Sports & Outdoors,55.12,4.5,4.0,3,mid,1,4,0,642
P000441,Health,44.24,4.62,4.0,42,premium,1,7,0,1054
P001780,Home & Kitchen,104.62,4.17,4.0,21,premium,1,5,0,512
P000385,Home & Kitchen,75.66,4.74,3.99,46,mid,1,4,0,1335
P000620,Electronics,285.52,4.74,3.99,10,budget,1,2,0,1060
P003432,Books,8.28,3.86,3.99,20,mid,1,3,1,1496
P002655,Home & Kitchen,139.6,3.54,3.99,5026,budget,1,6,0,1101
P004095,Clothing,22.32,4.37,3.99,11,premium,1,2,0,1076
P002893,Sports & Outdoors,47.0,4.83,3.99,7,mid,0,2,0,1614
P001112,Home & Kitchen,15.38,4.5,3.99,219,budget,0,2,0,1463
P002310,Health,22.06,3.88,3.99,82,budget,1,5,0,1765
P004073,Home & Kitchen,97.5,4.09,3.99,42,premium,0,3,1,1455
P003415,Clothing,50.09,3.83,3.99,25,premium,1,2,0,400
P002104,Food & Grocery,16.82,4.3,3.99,37,premium,1,3,1,1095
P004335,Health,78.16,4.39,3.99,164,premium,1,4,0,532
P001382,Electronics,131.96,3.76,3.99,62,premium,1,6,0,960
P003294,Books,14.8,4.17,3.99,121,budget,1,6,0,149
P001304,Clothing,14.04,4.77,3.99,20,mid,1,3,0,1611
P002544,Clothing,62.56,4.55,3.99,226,mid,0,1,1,268
P000252,Health,21.66,4.71,3.99,52,mid,1,1,1,254
P000454,Electronics,221.98,4.31,3.99,12,mid,0,0,1,393
P001717,Clothing,32.86,4.56,3.99,80,mid,0,0,1,863
P000442,Electronics,280.67,4.74,3.99,137,mid,1,2,0,558
P003801,Electronics,211.26,4.63,3.99,15,mid,0,5,0,1076
P000579,Health,81.64,4.54,3.99,3,mid,0,4,1,1598
P002709,Electronics,103.22,4.85,3.98,63,budget,1,1,0,550
P000444,Clothing,30.38,4.83,3.98,8,premium,0,7,0,612
P002393,Home & Kitchen,82.32,4.66,3.98,249,mid,1,6,0,1605
P003381,Clothing,53.05,4.41,3.98,287,mid,1,1,0,525
P002068,Automotive,242.45,4.14,3.98,102,premium,1,1,0,1329
P004560,Beauty,50.8,3.98,3.98,36,budget,1,6,1,1147
P001117,Electronics,76.59,4.14,3.98,83,mid,1,0,0,1101
P000721,Books,14.74,4.82,3.98,96,premium,1,4,0,989
P001022,Beauty,28.88,4.57,3.98,19,budget,0,1,0,1065
P002839,Home & Kitchen,107.76,4.16,3.98,51,mid,1,5,0,1210
P003115,Home & Kitchen,23.61,4.2,3.98,6,budget,0,3,1,519
P001645,Clothing,64.83,4.24,3.98,24,mid,0,7,0,1129
P002743,Electronics,157.65,3.98,3.98,6,mid,0,2,1,63
P001140,Beauty,53.03,3.98,3.98,6,premium,0,5,0,1002
P003839,Toys & Games,75.02,4.69,3.98,91,mid,1,0,0,364
P003516,Beauty,37.42,4.31,3.97,173,premium,1,1,0,715
P001168,Books,30.46,4.63,3.97,167,premium,1,7,1,520
P004864,Toys & Games,15.57,4.65,3.97,11,mid,1,3,0,1484
P003112,Clothing,48.94,4.28,3.97,176,mid,1,7,0,1269
P004013,Food & Grocery,33.89,4.23,3.97,24,mid,0,0,0,123
P004355,Health,10.09,4.63,3.97,30,mid,0,6,0,637
P000350,Electronics,230.59,4.71,3.97,73,budget,0,6,0,1730
P004565,Electronics,85.91,4.35,3.97,33,mid,1,6,1,525
P001027,Food & Grocery,19.05,4.14,3.97,24,mid,1,2,1,1393
P002581,Electronics,179.27,4.19,3.97,44,premium,1,7,0,1448
P004730,Home & Kitchen,141.08,4.27,3.97,11,mid,1,2,0,902
P002551,Books,33.76,4.67,3.97,28,budget,0,0,0,876
P004807,Home & Kitchen,19.75,4.61,3.97,63,mid,0,7,0,1762
P002023,Electronics,417.7,4.31,3.97,311,mid,1,0,0,173
P004211,Beauty,10.91,4.52,3.97,3,mid,0,2,0,1034
P004712,Clothing,30.24,4.06,3.97,60,budget,1,0,0,953
P002577,Beauty,34.31,4.53,3.97,95,premium,1,5,0,360
P001217,Clothing,82.84,4.06,3.97,65,budget,1,6,0,48
P001198,Sports & Outdoors,223.11,4.32,3.97,13,mid,1,1,0,1424
P000685,Sports & Outdoors,29.37,4.49,3.97,5,budget,0,1,0,250
P004596,Automotive,50.11,4.38,3.97,13,premium,1,5,0,55
P000391,Sports & Outdoors,41.37,4.69,3.97,7,budget,1,0,0,971
P001425,Home & Kitchen,28.78,4.19,3.96,104,mid,1,6,0,1549
P000738,Clothing,42.2,4.19,3.96,155,budget,0,3,0,504
P000650,Electronics,161.38,4.45,3.96,18,budget,1,0,1,1613
P003904,Books,19.79,4.29,3.96,206,mid,0,2,1,388
P002820,Food & Grocery,16.36,4.53,3.96,20,budget,0,3,0,1297
P004969,Electronics,165.27,4.29,3.96,1197,budget,0,0,1,1693
P002518,Clothing,63.44,4.27,3.96,12,budget,1,6,1,167
P002733,Books,14.12,4.32,3.96,36,premium,0,2,0,1655
P002956,Clothing,91.99,4.27,3.96,117,mid,0,6,0,308
P004511,Sports & Outdoors,62.44,4.28,3.96,28,mid,1,6,0,1532
P002139,Toys & Games,42.89,4.21,3.96,142,mid,0,2,1,219
P003747,Clothing,71.31,4.03,3.96,36,mid,1,4,0,1155
P004744,Clothing,46.5,4.34,3.96,106,budget,1,4,0,1357
P003709,Home & Kitchen,35.81,4.21,3.96,5,mid,1,7,0,776
P004393,Books,16.01,4.64,3.96,79,budget,1,7,0,1354
P001175,Books,59.38,4.63,3.96,56,mid,1,4,0,567
P003974,Clothing,22.04,4.58,3.95,70,mid,1,0,0,901
P001241,Health,29.24,4.41,3.95,80,mid,0,0,1,63
P000448,Sports & Outdoors,218.75,4.29,3.95,451,mid,1,1,1,33
P001330,Electronics,342.41,4.34,3.95,88,budget,0,6,1,1138
P001991,Electronics,355.17,3.72,3.95,52,mid,0,3,0,923
P000835,Beauty,130.9,4.17,3.95,8,premium,1,3,0,372
P001224,Sports & Outdoors,46.45,4.38,3.95,25,mid,1,5,0,583
P000907,Books,52.03,4.57,3.95,29,budget,0,3,1,118
P000412,Sports & Outdoors,86.71,4.16,3.95,16,budget,1,7,0,1061
P000365,Sports & Outdoors,106.46,4.27,3.95,40,premium,1,2,1,490
P004437,Toys & Games,35.77,4.14,3.95,171,premium,0,1,0,1731
P004034,Books,8.36,4.55,3.95,155,premium,0,4,1,175
P000164,Electronics,231.83,4.18,3.95,26,budget,1,1,0,223
P003599,Food & Grocery,74.99,4.07,3.95,236,budget,0,3,0,1502
P003466,Toys & Games,10.73,4.33,3.95,28,mid,1,0,0,790
P004677,Electronics,263.35,4.75,3.95,13,mid,0,2,1,664
P004252,Electronics,195.56,4.83,3.94,20,mid,0,3,0,1265
P001988,Beauty,19.7,3.84,3.94,13,mid,1,2,1,1320
P001926,Electronics,276.71,4.19,3.94,27,premium,0,3,0,1668
P001911,Electronics,127.31,3.58,3.94,77,premium,1,4,0,1674
P001546,Home & Kitchen,53.41,4.29,3.94,19,mid,0,5,0,1668
P001493,Sports & Outdoors,231.97,4.51,3.94,79,mid,1,3,0,343
P003118,Beauty,95.25,4.21,3.94,114,budget,1,5,0,159
P001094,Clothing,39.91,4.11,3.94,317,mid,0,5,1,1129
P002406,Clothing,17.63,4.15,3.94,30,mid,1,4,0,1163
P000432,Toys & Games,17.75,4.29,3.94,80,premium,1,4,1,880
P003550,Health,106.87,4.55,3.94,8,budget,0,2,0,831
P000243,Clothing,19.16,4.53,3.94,48,budget,1,2,0,98
P002018,Electronics,195.53,4.1,3.94,29,budget,0,7,0,1727
P003474,Home & Kitchen,90.94,3.72,3.94,50,mid,1,6,0,801
P002645,Clothing,59.86,4.26,3.94,217,premium,0,3,0,964
P004763,Food & Grocery,17.72,4.43,3.94,239,budget,1,3,0,643
P004114,Books,13.75,4.03,3.94,10,mid,1,4,0,228
P001977,Home & Kitchen,55.38,3.92,3.94,78,mid,0,2,1,421
P000204,Electronics,196.41,4.49,3.94,202,mid,1,0,0,1195
P000774,Health,60.57,3.97,3.93,18,mid,0,0,0,109
P003648,Home & Kitchen,53.27,3.56,3.93,293,mid,1,7,0,453
P002227,Beauty,25.78,4.41,3.93,221,premium,0,7,0,1671
P000821,Electronics,61.08,4.53,3.93,144,budget,1,2,0,128
P003650,Health,33.81,4.57,3.93,15,mid,0,1,1,482
P003248,Toys & Games,67.8,4.23,3.93,32,budget,0,6,0,1565
P004799,Health,58.8,4.66,3.93,19,mid,0,0,1,991
P001322,Home & Kitchen,134.5,4.29,3.93,36,mid,0,1,1,1746
P000873,Automotive,91.13,4.58,3.93,53,mid,1,1,0,1699
P003225,Electronics,412.72,4.54,3.93,259,premium,1,0,0,549
P000266,Electronics,67.44,4.43,3.93,78,mid,0,4,0,774
P000474,Electronics,335.36,4.45,3.93,267,mid,1,4,0,1793
P003177,Health,40.73,3.94,3.93,11,premium,0,5,1,550
P000272,Electronics,491.12,3.65,3.93,19,mid,1,4,0,426
P002815,Electronics,288.74,4.56,3.93,75,mid,0,6,0,867
P004639,Electronics,196.56,4.39,3.93,15,budget,1,5,0,886
P003137,Health,75.98,4.32,3.93,67,mid,1,0,0,170
P004418,Electronics,184.64,4.06,3.93,39,premium,1,0,0,1067
P000422,Electronics,116.81,4.34,3.93,9,mid,1,2,1,827
P004433,Toys & Games,19.77,3.9,3.93,5,mid,1,5,0,528
P001633,Sports & Outdoors,43.04,4.7,3.93,15,mid,1,7,0,1658
P000421,Sports & Outdoors,82.5,4.35,3.93,71,mid,0,3,0,204
P003365,Clothing,108.82,4.4,3.93,33,budget,1,0,1,1665
P001963,Books,11.2,4.4,3.93,393,budget,1,1,0,316
P000482,Clothing,33.3,4.58,3.93,52,mid,0,2,1,119
P000084,Electronics,215.53,4.31,3.92,59,mid,0,1,1,376
P004947,Sports & Outdoors,408.8,4.66,3.92,42,mid,1,1,0,1240
P003968,Electronics,168.75,4.78,3.92,6,budget,0,1,1,1761
P001243,Home & Kitchen,100.32,4.39,3.92,60,premium,0,5,0,420
P003287,Sports & Outdoors,124.06,4.75,3.92,51,budget,0,1,0,104
P002342,Electronics,273.36,4.43,3.92,161,budget,1,5,0,30
P001788,Beauty,21.78,4.72,3.92,32,budget,0,7,1,53
P004574,Home & Kitchen,191.72,4.59,3.92,159,mid,0,5,0,1149
P003194,Beauty,12.22,4.67,3.92,39,budget,1,6,0,1759
P000046,Toys & Games,13.69,3.95,3.92,44,mid,1,3,0,903
P004782,Automotive,73.25,4.11,3.92,18,mid,0,2,0,1176
P004300,Beauty,22.49,4.67,3.92,30,budget,0,2,0,1130
P001373,Home & Kitchen,84.63,4.12,3.92,15,mid,0,7,0,1239
P004031,Books,5.85,4.63,3.92,27,budget,0,6,0,1417
P002309,Sports & Outdoors,99.53,4.2,3.92,141,mid,1,7,0,322
P001418,Books,8.5,4.81,3.92,61,mid,1,1,0,1447
P004301,Home & Kitchen,100.66,4.32,3.92,326,mid,0,2,1,1610
P000952,Clothing,23.13,4.28,3.92,308,mid,0,5,1,1740
P001599,Toys & Games,9.05,4.24,3.92,85,budget,1,0,1,260
P000042,Toys & Games,26.13,3.84,3.92,12,premium,0,2,1,1257
P000029,Electronics,103.87,4.2,3.92,705,mid,1,2,0,532
P004924,Health,47.93,4.94,3.91,37,mid,1,3,0,1489
P000633,Electronics,186.38,4.13,3.91,12,budget,0,3,0,1001
P000643,Electronics,271.66,4.45,3.91,78,budget,1,7,0,1550
P001055,Clothing,44.46,4.34,3.91,259,mid,0,4,0,984
P000120,Sports & Outdoors,66.97,4.58,3.91,12,mid,1,5,0,1000
P002190,Food & Grocery,20.9,4.54,3.91,18,premium,1,2,0,133
P000529,Toys & Games,32.6,4.72,3.91,14,mid,1,0,1,740
P001634,Beauty,35.88,4.38,3.91,22,mid,1,3,0,1518
P003537,Clothing,37.51,3.89,3.91,1,mid,1,6,0,127
P000110,Health,28.24,3.81,3.91,45,mid,1,0,0,512
P004685,Automotive,75.25,3.96,3.91,4,mid,0,2,0,1755
P001579,Automotive,87.95,4.28,3.91,23,mid,1,0,0,307
P001898,Clothing,28.35,3.96,3.91,31,budget,1,3,0,716
P004573,Electronics,155.68,4.31,3.91,38,mid,1,7,0,1212
P004143,Electronics,206.75,4.27,3.91,3,budget,1,1,1,73
P004212,Home & Kitchen,26.66,4.55,3.91,11,budget,1,2,0,1383
P000855,Clothing,46.16,3.95,3.91,5,mid,0,4,0,707
P001534,Beauty,15.35,4.36,3.91,86,mid,1,5,0,378
P003441,Clothing,61.79,4.0,3.91,3,mid,1,5,0,328
P003722,Books,22.91,4.11,3.91,22,premium,1,5,0,132
P001161,Electronics,291.43,4.27,3.91,281,budget,1,1,0,643
P001639,Clothing,26.49,3.9,3.91,29,premium,1,5,0,1483
P003792,Clothing,70.6,4.1,3.91,36,mid,0,7,0,993
P000279,Health,51.14,4.28,3.91,11,budget,1,5,1,204
P004694,Health,32.86,4.26,3.9,3,mid,1,4,1,549
P003495,Electronics,424.42,4.44,3.9,90,budget,0,2,1,931
P003122,Clothing,54.97,4.32,3.9,63,budget,0,5,0,1071
P000712,Beauty,29.13,4.12,3.9,19,budget,1,3,0,1226
P000490,Books,18.06,3.99,3.9,13,budget,1,7,0,134
P001793,Clothing,61.28,4.08,3.9,327,budget,1,0,0,1408
P001929,Electronics,117.33,4.34,3.9,12,premium,0,3,0,202
P002189,Clothing,12.28,3.68,3.9,37,budget,1,4,0,1700
P002609,Sports & Outdoors,115.79,4.25,3.9,250,budget,0,7,0,1370
P000115,Electronics,123.22,4.16,3.9,81,premium,1,5,0,251
P003918,Books,37.23,4.73,3.9,94,mid,1,4,0,1372
P003486,Beauty,32.29,4.0,3.9,1,budget,1,5,0,143
P002974,Food & Grocery,78.41,4.1,3.9,47,budget,1,1,0,1069
P003449,Clothing,51.91,4.0,3.9,63,budget,1,6,0,1371
P002965,Clothing,28.64,4.79,3.9,481,mid,0,7,0,1730
P002560,Electronics,118.3,4.37,3.9,72,mid,0,4,0,1421
P000781,Clothing,49.79,4.18,3.9,10,premium,1,6,0,871
P003683,Home & Kitchen,106.63,4.06,3.9,53,mid,0,5,0,162
P002523,Home & Kitchen,139.16,3.72,3.9,38,mid,1,6,0,1614
P000160,Toys & Games,11.88,4.48,3.9,79,mid,0,0,0,921
P000936,Clothing,71.47,4.51,3.89,51,mid,1,6,0,1682
P004897,Clothing,52.03,3.9,3.89,151,mid,0,5,0,1677
P001671,Clothing,25.34,4.45,3.89,43,mid,0,2,0,89
P001715,Clothing,93.26,4.12,3.89,8,mid,0,5,0,1554
P000219,Food & Grocery,88.07,4.55,3.89,17,mid,0,7,1,1085
P004818,Books,13.84,4.15,3.89,61,budget,1,6,0,1568
P000806,Electronics,101.92,4.21,3.89,191,budget,0,6,0,437
P003281,Sports & Outdoors,57.71,4.25,3.89,79,budget,1,1,0,595
P004927,Clothing,18.64,4.94,3.89,2,budget,1,1,0,160
P002271,Sports & Outdoors,84.38,4.02,3.89,130,budget,1,6,0,455
P004007,Books,52.83,4.16,3.89,30,mid,1,0,0,510
P003423,Sports & Outdoors,45.39,4.56,3.89,45,premium,1,6,1,352
P004599,Clothing,35.65,4.71,3.89,39,budget,1,3,1,554
P002405,Toys & Games,32.83,4.74,3.89,32,budget,1,7,0,73
P002395,Sports & Outdoors,85.67,4.43,3.89,71,mid,0,4,1,771
P002849,Toys & Games,78.22,4.63,3.89,121,mid,1,7,0,1513
P001485,Sports & Outdoors,66.37,4.27,3.89,17,budget,1,2,0,1792
P003388,Food & Grocery,49.08,4.45,3.89,12,mid,1,1,0,1392
P000690,Books,16.71,4.15,3.89,8,budget,0,6,0,1611
P001449,Sports & Outdoors,50.06,4.21,3.89,18,mid,0,3,0,1210
P003493,Health,28.64,4.26,3.89,11,budget,1,5,0,1462
P001518,Food & Grocery,44.34,4.76,3.89,6,budget,1,6,0,1583
P002470,Clothing,61.94,3.7,3.89,57,mid,0,4,0,724
P004867,Clothing,77.3,4.14,3.89,3,mid,0,3,1,967
P004675,Sports & Outdoors,49.16,4.77,3.89,54,mid,1,6,0,1719
P001762,Electronics,257.75,4.11,3.89,321,mid,1,6,0,990
P004395,Home & Kitchen,71.3,4.44,3.89,9,budget,1,0,0,1394
P002162,Clothing,48.57,4.42,3.89,39,mid,1,7,1,212
P003068,Clothing,64.47,4.32,3.89,9,mid,0,7,0,771
P001205,Electronics,95.55,4.41,3.89,44,budget,0,7,0,559
P002685,Clothing,36.39,4.07,3.89,127,mid,1,6,0,1343
P002611,Health,34.4,4.3,3.88,39,mid,1,5,0,602
P000504,Books,12.05,4.21,3.88,6,mid,1,2,0,565
P000323,Clothing,33.77,4.45,3.88,16,premium,1,3,0,1376
P002280,Sports & Outdoors,70.58,4.33,3.88,18,mid,0,3,0,195
P002748,Clothing,54.15,4.42,3.88,18,mid,1,7,1,1480
P001003,Electronics,148.87,4.03,3.88,151,mid,0,6,0,1212
P003113,Beauty,19.03,3.68,3.88,64,premium,0,6,0,898
P004618,Books,15.5,4.18,3.88,7,budget,1,7,0,91
P003371,Health,42.5,4.72,3.88,15,mid,0,4,1,741
P002404,Health,80.4,4.07,3.88,85,budget,0,0,0,1463
P002292,Beauty,25.71,3.97,3.88,22,budget,1,0,0,72
P001915,Electronics,119.86,4.02,3.88,15,mid,1,5,1,984
P000982,Toys & Games,65.71,4.11,3.88,44,budget,1,7,0,1167
P004800,Beauty,12.32,4.23,3.88,36,mid,0,0,0,351
P001311,Home & Kitchen,47.91,3.98,3.88,2,budget,1,1,0,973
P004107,Beauty,60.49,4.04,3.88,70,premium,1,3,0,124
P002698,Electronics,173.99,4.34,3.88,19,budget,0,2,1,718
P000865,Electronics,273.85,4.58,3.88,168,budget,1,7,0,157
P004206,Beauty,22.1,4.43,3.88,391,premium,0,2,0,1287
P002937,Clothing,8.64,4.14,3.88,3,budget,1,2,0,495
P002988,Books,16.3,3.99,3.88,7,premium,0,6,0,1238
P004273,Toys & Games,28.72,4.0,3.88,176,mid,0,2,0,780
P000608,Electronics,581.51,4.0,3.88,47,budget,0,0,0,1471
P000605,Automotive,175.5,4.11,3.88,7,premium,1,3,0,67
P004253,Clothing,27.61,3.98,3.88,40,mid,0,2,0,408
P001398,Food & Grocery,34.37,4.26,3.88,7,mid,1,7,1,810
P004625,Electronics,553.24,4.82,3.88,5,mid,1,3,0,711
P004923,Clothing,20.13,4.83,3.88,24,mid,1,5,0,1564
P001520,Clothing,24.28,4.07,3.88,157,mid,1,5,0,934
P001933,Toys & Games,24.25,4.24,3.88,42,mid,1,2,1,698
P000080,Toys & Games,46.11,4.26,3.88,42,budget,0,7,0,1447
P002650,Health,54.29,3.5,3.88,34,premium,0,6,1,301
P003595,Electronics,455.67,4.23,3.88,11,budget,0,5,1,798
P004396,Home & Kitchen,45.46,3.93,3.87,25,mid,1,5,1,618
P002427,Electronics,142.17,4.22,3.87,11,budget,1,2,0,381
P003460,Toys & Games,12.6,4.2,3.87,32,premium,0,4,0,1007
P004138,Health,29.81,4.41,3.87,74,premium,1,4,0,988
P004163,Health,79.64,4.17,3.87,20,mid,1,3,0,1356
P001254,Sports & Outdoors,111.0,4.01,3.87,8,premium,0,1,0,1136
P002682,Health,48.71,3.54,3.87,29,premium,0,3,1,246
P004104,Clothing,12.36,4.29,3.87,123,budget,1,2,0,82
P004527,Beauty,9.47,3.75,3.87,10,premium,1,7,1,1760
P003363,Sports & Outdoors,35.7,4.09,3.87,90,mid,1,3,0,243
P004352,Electronics,239.81,4.31,3.87,8,budget,1,1,0,773
P004991,Electronics,89.87,4.19,3.87,56,budget,1,5,0,757
P000026,Clothing,159.24,4.51,3.87,131,budget,1,3,0,1058
P004934,Clothing,16.28,3.84,3.87,402,budget,1,3,0,1775
P001525,Beauty,12.22,3.97,3.87,433,mid,1,7,0,820
P004859,Electronics,137.44,4.44,3.87,91,budget,1,0,0,273
P002590,Home & Kitchen,60.14,4.32,3.87,20,mid,1,3,0,315
P003556,Toys & Games,38.53,4.05,3.87,26,budget,1,3,0,432
P000040,Sports & Outdoors,76.95,4.36,3.87,16,mid,1,2,0,422
P002007,Books,19.84,4.75,3.87,37,mid,1,1,0,733
P003846,Books,31.95,3.6,3.87,16,mid,1,6,0,42
P001327,Home & Kitchen,20.68,4.41,3.87,14,mid,1,3,0,1135
P002895,Automotive,141.57,4.39,3.87,10,budget,0,2,0,641
P002726,Beauty,20.22,4.34,3.87,11,mid,1,7,0,858
P004832,Clothing,16.39,3.83,3.87,56,premium,0,6,0,964
P003333,Electronics,168.91,4.47,3.87,58,premium,1,2,0,1727
P003328,Health,19.36,4.2,3.87,21,budget,0,0,0,1764
P001131,Automotive,95.97,4.24,3.87,81,premium,0,6,0,1008
P002737,Clothing,29.95,3.88,3.87,89,mid,0,1,0,1564
P002515,Clothing,56.59,4.49,3.87,265,budget,1,5,0,821
P001961,Sports & Outdoors,61.09,4.47,3.87,43,mid,1,5,0,383
P001476,Books,45.79,4.69,3.87,2,premium,0,2,0,551
P004613,Beauty,27.76,4.86,3.87,187,mid,1,7,0,746
P000969,Books,42.86,4.52,3.87,6,budget,0,1,0,130
P001487,Automotive,60.92,4.28,3.87,3,premium,1,3,1,1148
P004334,Home & Kitchen,92.34,4.27,3.86,287,mid,0,5,0,578
P003568,Books,41.59,4.11,3.86,259,mid,0,2,0,643
P004002,Home & Kitchen,40.75,4.06,3.86,48,mid,0,1,0,1012
P003970,Electronics,233.89,4.47,3.86,820,mid,0,1,0,459
P000118,Beauty,22.79,4.31,3.86,38,budget,1,2,1,1599
P004415,Clothing,16.87,4.48,3.86,105,premium,0,5,0,1268
P004179,Sports & Outdoors,41.81,4.1,3.86,14,mid,0,5,0,411
P004173,Automotive,61.7,4.63,3.86,18,mid,1,0,0,1051
P001798,Clothing,41.44,4.25,3.86,57,mid,0,2,1,892
P002554,Food & Grocery,52.34,4.57,3.86,2,premium,1,1,1,921
P001774,Health,23.0,4.42,3.86,16,budget,1,3,0,1720
P000261,Electronics,245.1,4.59,3.86,14,budget,1,1,1,253
P000751,Clothing,142.25,4.77,3.86,31,mid,0,0,0,1096
P000177,Home & Kitchen,54.41,4.26,3.86,123,budget,1,2,0,974
P000766,Electronics,364.35,4.17,3.86,26,budget,1,3,0,532
P003186,Electronics,225.32,4.47,3.86,71,mid,0,6,0,1434
P000893,Clothing,63.93,4.25,3.86,11,premium,0,1,0,657
P001387,Beauty,14.07,4.16,3.86,10,mid,0,1,1,1177
P000148,Books,16.74,4.02,3.86,21,premium,0,6,0,1365
P000175,Electronics,119.33,4.54,3.86,23,mid,1,6,0,623
P004276,Electronics,245.39,4.31,3.85,28,budget,0,7,0,1223
P001469,Beauty,24.32,4.27,3.85,32,mid,1,2,0,1635
P004030,Health,28.16,4.05,3.85,245,budget,0,0,0,1377
P002751,Clothing,37.52,3.92,3.85,24,premium,1,1,0,689
P004629,Clothing,40.4,4.12,3.85,8,premium,0,0,0,987
P000329,Sports & Outdoors,35.66,4.37,3.85,19,mid,1,7,1,274
P002197,Electronics,47.14,4.4,3.85,27,budget,1,6,0,816
P004667,Toys & Games,57.79,4.26,3.85,100,mid,1,3,0,308
P001881,Books,45.53,3.63,3.85,83,budget,0,3,1,843
P002382,Clothing,47.01,4.4,3.85,168,mid,0,5,1,551
P004752,Books,27.93,4.15,3.85,34,premium,1,5,1,1455
P004178,Automotive,246.77,4.62,3.85,10,mid,1,6,0,294
P003988,Home & Kitchen,127.2,3.62,3.85,438,mid,1,2,0,1573
P000616,Beauty,44.81,4.42,3.85,96,mid,1,4,0,104
P000278,Books,12.21,4.31,3.85,92,budget,0,6,1,838
P002579,Electronics,131.02,3.71,3.85,16,mid,1,5,0,1421
P000754,Home & Kitchen,10.42,4.69,3.85,61,mid,1,0,0,464
P003878,Food & Grocery,22.74,4.28,3.85,249,budget,1,4,0,488
P003603,Books,19.07,4.37,3.85,15,budget,1,7,0,1018
P003146,Sports & Outdoors,37.2,4.03,3.85,111,budget,1,3,0,804
P004129,Toys & Games,21.86,4.8,3.85,94,mid,1,4,1,1388
P002070,Books,41.26,3.8,3.84,274,budget,0,6,1,1350
P004735,Health,97.47,3.99,3.84,81,budget,0,4,0,1671
P002306,Clothing,50.87,3.84,3.84,5,mid,1,5,0,42
P004409,Health,20.42,4.34,3.84,14,budget,1,7,1,43
P003402,Toys & Games,40.76,3.86,3.84,22,budget,1,1,0,657
P001481,Home & Kitchen,33.21,4.58,3.84,410,budget,1,5,0,148
P001484,Clothing,38.53,4.37,3.84,17,mid,1,3,0,503
P001126,Books,3.0,4.46,3.84,5,premium,1,1,0,1710
P001419,Health,40.64,4.41,3.84,60,premium,1,2,0,1297
P004940,Clothing,38.19,4.21,3.84,0,premium,0,5,1,764
P002439,Home & Kitchen,49.67,4.22,3.84,298,premium,0,1,1,1318
P000321,Food & Grocery,19.28,4.49,3.84,32,budget,1,1,0,1273
P000831,Sports & Outdoors,40.29,3.96,3.84,35,premium,1,5,0,1538
P003253,Clothing,39.67,4.21,3.84,325,budget,0,1,0,1528
P003515,Food & Grocery,10.97,4.12,3.84,51,budget,0,2,1,1775
P004443,Health,12.34,4.04,3.84,17,premium,1,5,0,292
P004449,Books,22.29,4.2,3.84,60,mid,1,3,0,693
P001426,Home & Kitchen,99.66,3.73,3.84,76,budget,1,5,1,679
P003386,Beauty,28.61,3.91,3.84,70,mid,1,7,0,1706
P003772,Automotive,70.63,4.22,3.84,163,premium,1,0,0,1388
P000440,Sports & Outdoors,20.4,3.78,3.84,103,mid,0,3,0,266
P000832,Books,30.29,3.89,3.84,35,mid,0,6,0,1570
P003247,Home & Kitchen,22.06,4.19,3.84,54,budget,1,7,0,140
P001984,Clothing,113.81,4.26,3.84,1,mid,1,0,0,1215
P002680,Home & Kitchen,41.29,4.7,3.84,101,premium,1,0,0,299
P004168,Home & Kitchen,91.81,4.02,3.84,19,premium,1,3,0,495
P004580,Electronics,150.06,3.99,3.84,42,budget,0,0,0,1283
P003045,Beauty,10.25,4.25,3.83,110,budget,1,0,0,789
P002776,Home & Kitchen,80.42,4.43,3.83,121,mid,1,7,1,937
P000024,Health,38.59,4.22,3.83,20,mid,1,2,1,297
P001477,Home & Kitchen,49.11,4.66,3.83,48,mid,0,2,0,917
P004911,Electronics,261.38,4.43,3.83,6,budget,1,7,0,681
P000972,Electronics,338.94,4.57,3.83,4,premium,1,6,0,1176
P002488,Toys & Games,24.57,3.94,3.83,35,mid,1,7,0,383
P003089,Books,26.19,3.93,3.83,4,premium,1,2,0,1460
P002662,Home & Kitchen,30.64,4.76,3.83,24,budget,1,3,1,168
P000150,Electronics,303.45,3.89,3.83,31,premium,1,5,0,1441
P002603,Home & Kitchen,51.02,4.45,3.83,70,mid,1,7,0,715
P000750,Health,56.94,4.34,3.83,12,budget,1,2,1,843
P001362,Home & Kitchen,108.73,4.34,3.83,8,premium,1,1,1,1732
P000156,Beauty,51.45,4.29,3.83,68,mid,0,2,1,1545
P003606,Electronics,194.65,4.75,3.83,33,mid,1,0,0,1757
P002970,Clothing,18.32,4.25,3.83,17,budget,1,3,0,279
P000861,Beauty,55.31,4.55,3.83,37,premium,1,4,0,892
P002229,Electronics,227.52,4.26,3.83,40,budget,0,5,0,588
P004757,Home & Kitchen,54.89,3.99,3.83,12,mid,0,0,0,176
P001979,Beauty,75.29,4.55,3.83,81,budget,1,5,1,645
P002935,Sports & Outdoors,99.82,4.12,3.83,379,mid,1,1,0,86
P003212,Beauty,58.04,3.92,3.83,1,mid,0,0,0,1590
P000841,Electronics,245.63,4.13,3.83,140,mid,0,5,0,496
P004397,Clothing,87.26,3.91,3.83,6,budget,0,0,0,1174
P000003,Health,44.74,4.53,3.82,18,mid,1,4,0,905
P000061,Sports & Outdoors,36.68,3.74,3.82,2,budget,1,1,0,1349
P000642,Toys & Games,48.08,3.98,3.82,45,mid,0,5,0,387
P004781,Clothing,94.68,3.84,3.82,11,premium,0,7,0,1225
P002232,Sports & Outdoors,36.06,4.06,3.82,64,mid,0,1,0,1377
P000093,Home & Kitchen,23.55,4.89,3.82,21,budget,1,3,0,1273
P002487,Toys & Games,33.56,3.71,3.82,24,budget,1,4,0,956
P003914,Home & Kitchen,100.99,3.69,3.82,181,budget,1,6,0,174
P000457,Automotive,39.7,4.12,3.82,37,budget,1,2,1,77
P002915,Home & Kitchen,43.08,4.56,3.82,61,budget,1,1,0,1230
P001830,Books,29.11,3.58,3.82,22,budget,1,5,0,891
P003369,Electronics,93.53,4.24,3.82,67,budget,1,3,0,1229
P002758,Beauty,82.26,3.76,3.82,20,budget,1,1,0,997
P004045,Books,21.71,4.62,3.82,10,mid,1,7,0,478
P000856,Home & Kitchen,44.95,4.39,3.82,15,budget,0,0,0,615
P000894,Electronics,179.06,4.51,3.82,281,premium,0,2,0,902
P002585,Electronics,114.53,4.32,3.82,34,mid,0,1,0,183
P004159,Home & Kitchen,125.15,3.88,3.82,28,mid,1,4,0,783
P001945,Toys & Games,60.41,4.31,3.82,101,premium,0,4,0,209
P004370,Home & Kitchen,119.79,4.05,3.82,25,mid,1,0,0,1516
P003952,Food & Grocery,8.06,3.92,3.82,6,budget,1,3,0,710
P002812,Health,44.07,4.13,3.82,225,mid,0,0,0,183
P000345,Toys & Games,40.49,3.75,3.82,17,budget,1,5,0,1026
P004199,Electronics,135.29,3.8,3.81,9,mid,0,3,0,1412
P003308,Electronics,531.23,4.07,3.81,6,mid,1,3,1,326
P000869,Electronics,75.17,4.16,3.81,53,budget,1,6,0,688
P002624,Food & Grocery,15.77,4.2,3.81,37,mid,1,7,1,559
P004550,Clothing,22.44,4.07,3.81,139,premium,0,1,1,698
P004803,Electronics,175.2,3.92,3.81,22,mid,1,0,0,417
P000958,Books,31.38,4.09,3.81,7,premium,0,3,0,257
P002874,Clothing,13.3,4.0,3.81,96,mid,0,4,0,843
P001443,Electronics,158.99,4.62,3.81,103,budget,1,7,0,519
P004271,Automotive,87.02,3.63,3.81,14,mid,1,2,1,513
P000112,Clothing,17.64,3.97,3.81,44,mid,1,6,1,751
P003023,Home & Kitchen,91.37,4.08,3.81,18,mid,1,3,0,1062
P002374,Clothing,25.21,4.18,3.81,70,mid,0,4,0,1669
P004262,Health,51.94,3.9,3.81,73,mid,0,4,0,905
P000745,Books,6.54,3.88,3.81,33,budget,1,0,0,832
P004202,Toys & Games,20.56,4.64,3.81,157,mid,0,4,0,63
P004710,Home & Kitchen,56.88,4.32,3.81,21,premium,0,6,0,136
P002900,Home & Kitchen,52.91,4.53,3.81,26,budget,1,6,0,1565
P003874,Electronics,603.44,4.28,3.81,68,mid,0,7,0,1724
P000408,Toys & Games,18.15,4.04,3.81,40,budget,0,5,1,485
P001169,Toys & Games,23.23,4.25,3.81,120,budget,0,6,0,1062
P003278,Books,16.03,4.54,3.8,12,mid,0,7,1,1677
P003297,Beauty,13.32,4.57,3.8,418,budget,1,2,0,1182
P004350,Toys & Games,16.05,4.13,3.8,2162,premium,1,6,1,1097
P003409,Books,28.44,4.05,3.8,24,budget,1,4,0,312
P000657,Health,19.01,4.46,3.8,8,budget,0,2,0,1674
P004193,Books,3.67,3.81,3.8,21,budget,1,5,0,742
P003499,Home & Kitchen,41.48,4.49,3.8,121,budget,1,6,0,90
P002626,Home & Kitchen,63.16,4.14,3.8,100,mid,1,3,0,1343
P002845,Clothing,13.03,3.89,3.8,91,premium,0,2,0,897
P002277,Books,29.98,3.98,3.8,21,mid,1,7,0,1126
P003717,Beauty,25.21,4.57,3.8,60,mid,1,2,0,1589
P001134,Beauty,44.27,3.61,3.8,99,premium,1,7,0,850
P004463,Clothing,49.66,4.65,3.8,24,budget,0,4,0,1733
P002882,Electronics,200.42,3.82,3.8,8,budget,0,5,0,1487
P000435,Electronics,166.33,4.16,3.8,138,budget,1,4,0,1093
P002078,Clothing,36.74,4.49,3.8,7,budget,0,1,1,324
P001697,Clothing,42.99,4.59,3.8,265,mid,0,4,0,543
P004525,Beauty,41.46,4.14,3.8,17,premium,1,1,1,821
P000698,Sports & Outdoors,82.89,3.62,3.8,36,budget,1,4,0,408
P004377,Beauty,13.14,4.05,3.8,81,premium,1,1,0,658
P001964,Electronics,288.89,3.78,3.8,74,premium,1,3,0,49
P001816,Books,13.35,4.11,3.8,23,premium,0,5,0,814
P002941,Automotive,172.98,4.55,3.8,14,mid,1,3,0,1448
P003350,Home & Kitchen,36.74,3.8,3.8,71,premium,1,1,0,31
P000379,Home & Kitchen,26.11,3.58,3.8,33,mid,0,3,0,1552
P002184,Electronics,269.29,4.49,3.8,32,mid,1,6,1,1759
P003561,Beauty,26.55,4.39,3.8,3,mid,1,0,0,239
P001746,Sports & Outdoors,42.52,4.78,3.79,46,mid,1,6,0,1712
P002274,Health,78.5,4.41,3.79,23,budget,1,3,0,437
P004778,Electronics,140.02,4.58,3.79,25,budget,0,1,0,1641
P004405,Home & Kitchen,18.93,3.93,3.79,3,budget,1,7,0,246
P004737,Beauty,89.97,3.89,3.79,325,mid,1,0,0,42
P000005,Electronics,156.54,4.32,3.79,25,mid,1,5,0,281
P001236,Electronics,240.72,4.35,3.79,98,mid,0,3,0,503
P001604,Toys & Games,26.07,3.89,3.79,118,mid,1,1,0,1742
P002976,Toys & Games,25.35,3.36,3.79,32,budget,0,1,0,1201
P004466,Electronics,139.49,3.78,3.79,10,budget,1,6,1,694
P003582,Toys & Games,23.24,4.32,3.79,42,budget,0,4,0,1677
P004530,Books,44.76,4.23,3.79,89,premium,1,4,0,669
P002065,Home & Kitchen,68.25,4.31,3.79,14,mid,1,1,0,487
P000340,Food & Grocery,37.4,4.39,3.79,26,budget,1,2,0,1095
P002927,Beauty,46.9,3.81,3.79,14,budget,1,1,0,1522
P004839,Electronics,175.08,4.63,3.79,26,premium,1,1,0,200
P003156,Clothing,74.61,4.0,3.79,60,mid,0,0,0,1678
P003445,Health,56.96,4.23,3.79,86,mid,0,4,0,585
P002142,Home & Kitchen,59.25,4.56,3.79,22,budget,0,6,0,453
P001048,Toys & Games,30.08,4.18,3.79,27,mid,1,2,0,767
P002681,Toys & Games,40.47,4.13,3.78,33,budget,0,0,0,1196
P000032,Automotive,47.1,4.38,3.78,234,budget,1,6,0,485
P000968,Electronics,329.53,4.03,3.78,42,mid,1,5,0,391
P001201,Books,7.54,4.3,3.78,55,budget,1,4,1,1195
P003820,Health,78.19,4.16,3.78,36,mid,1,5,0,1103
P001321,Books,19.54,4.2,3.78,11,budget,1,6,0,395
P001694,Beauty,68.35,4.01,3.78,1,mid,0,4,0,1738
P002353,Clothing,85.13,4.01,3.78,44,mid,0,4,0,459
P001539,Toys & Games,29.38,3.99,3.78,11,premium,1,1,0,1672
P000834,Beauty,35.23,4.43,3.78,3,mid,0,6,1,578
P003977,Electronics,79.07,3.79,3.78,33,budget,0,5,1,194
P000416,Clothing,47.85,4.38,3.78,106,budget,1,6,0,1143
P003879,Electronics,383.43,4.29,3.78,20,mid,0,6,0,1453
P003085,Toys & Games,16.61,4.48,3.78,102,budget,0,3,0,1561
P002003,Food & Grocery,19.15,4.56,3.78,13,premium,1,2,0,370
P004504,Home & Kitchen,64.8,4.13,3.78,150,budget,0,2,0,1790
P004038,Health,53.5,4.18,3.78,23,budget,0,5,1,1562
P003303,Clothing,17.09,4.26,3.78,150,budget,0,1,0,883
P003324,Toys & Games,43.13,4.35,3.78,39,premium,1,0,1,1079
P001356,Electronics,168.42,3.64,3.78,175,mid,0,6,0,1018
P001837,Electronics,93.0,3.9,3.78,41,budget,0,7,0,206
P004170,Home & Kitchen,70.73,4.24,3.78,197,mid,1,2,0,1365
P002278,Clothing,51.1,3.91,3.77,23,mid,0,3,0,1144
P001856,Automotive,107.23,4.33,3.77,40,budget,0,0,0,1060
P001247,Sports & Outdoors,27.2,4.34,3.77,13,mid,0,6,1,76
P000238,Toys & Games,51.82,3.96,3.77,17,budget,0,2,0,1414
P002951,Electronics,142.76,3.93,3.77,133,mid,0,3,0,1413
P003231,Home & Kitchen,33.54,4.45,3.77,99,mid,1,7,0,143
P001814,Clothing,21.49,3.89,3.77,148,budget,1,7,0,1547
P000290,Electronics,340.41,3.87,3.77,44,mid,1,2,1,1762
P001436,Automotive,215.73,4.48,3.77,89,mid,1,7,1,50
P001115,Automotive,62.12,4.26,3.77,92,mid,1,5,1,1083
P001122,Electronics,211.75,4.03,3.77,39,budget,1,1,0,442
P004486,Clothing,13.01,3.84,3.77,65,premium,0,6,0,130
P003850,Clothing,54.48,4.34,3.77,70,mid,1,6,1,1330
P004047,Clothing,68.09,4.12,3.77,71,budget,0,6,0,255
P004381,Books,11.68,4.28,3.77,28,mid,1,5,0,880
P000191,Food & Grocery,45.74,4.37,3.77,13,mid,1,5,0,428
P002092,Health,43.08,4.06,3.77,3,budget,0,5,0,991
P000212,Sports & Outdoors,78.04,4.45,3.77,23,premium,1,4,0,709
P004796,Clothing,96.2,4.5,3.77,50,budget,1,6,0,305
P002222,Home & Kitchen,115.68,4.11,3.77,8,budget,1,0,0,444
P000508,Toys & Games,15.1,4.52,3.77,268,mid,1,2,0,675
P001683,Beauty,9.86,3.96,3.77,22,budget,1,4,0,52
P001682,Toys & Games,31.86,3.74,3.77,24,mid,0,4,0,38
P001101,Electronics,79.77,4.17,3.77,10,budget,1,6,0,1049
P004235,Electronics,154.23,3.62,3.77,48,mid,0,0,1,68
P001104,Toys & Games,28.27,4.32,3.77,5,mid,0,0,0,1387
P002074,Health,67.24,4.19,3.77,73,mid,1,3,0,1324
P004834,Beauty,13.34,4.58,3.77,3,premium,1,1,0,1304
P003636,Electronics,322.58,4.22,3.77,92,budget,1,3,1,1238
P000719,Sports & Outdoors,42.29,3.89,3.76,22,premium,1,4,1,627
P003972,Electronics,387.85,3.98,3.76,147,mid,0,5,0,305
P002443,Clothing,22.87,4.08,3.76,11,mid,0,6,0,1695
P003978,Electronics,92.91,4.02,3.76,23,budget,0,0,0,68
P000506,Toys & Games,80.02,4.01,3.76,129,premium,0,4,0,1345
P000932,Home & Kitchen,171.17,4.62,3.76,33,mid,0,2,0,1686
P003614,Health,50.03,3.35,3.76,25,budget,0,5,0,328
P002929,Home & Kitchen,69.59,4.58,3.76,62,premium,1,0,0,1425
P000269,Electronics,117.21,4.09,3.76,27,budget,1,5,0,1158
P003895,Food & Grocery,8.96,4.22,3.76,80,budget,1,0,1,821
P004738,Electronics,268.34,4.0,3.76,17,premium,1,6,0,1548
P003998,Home & Kitchen,64.35,4.11,3.76,11,mid,1,0,0,701
P001294,Clothing,37.29,4.29,3.76,10,mid,1,0,1,773
P004214,Electronics,352.86,4.69,3.76,58,budget,1,0,1,579
P002245,Home & Kitchen,67.91,3.61,3.76,15,budget,1,3,0,1001
P000116,Health,49.15,4.23,3.76,15,budget,1,6,0,1378
P004988,Clothing,13.74,3.63,3.76,29,budget,1,2,0,865
P002934,Health,21.16,3.86,3.76,185,mid,1,1,0,978
P002840,Electronics,173.6,3.78,3.75,42,mid,0,4,0,232
P003519,Books,24.28,4.13,3.75,115,premium,0,3,0,1092
P002816,Books,29.41,4.05,3.75,81,mid,0,0,0,461
P004768,Books,8.31,4.16,3.75,36,mid,1,0,1,1591
P001255,Electronics,76.57,4.31,3.75,49,budget,1,6,0,1048
P002687,Clothing,18.76,4.22,3.75,12,budget,0,2,1,1730
P000184,Clothing,25.05,4.03,3.75,21,mid,1,7,0,906
P002821,Clothing,66.6,3.92,3.75,92,mid,1,4,1,593
P003711,Health,9.89,4.26,3.75,24,premium,0,6,0,856
P004717,Home & Kitchen,52.33,3.7,3.75,2,mid,1,2,0,1112
P000203,Books,12.27,3.5,3.75,56,mid,1,6,1,67
P002924,Beauty,25.65,3.98,3.75,18,mid,1,6,1,1304
P003131,Home & Kitchen,20.01,3.63,3.75,154,budget,1,1,0,1781
P002351,Electronics,320.95,3.98,3.75,43,budget,0,1,0,934
P001610,Home & Kitchen,34.69,4.55,3.75,9,mid,1,3,0,1791
P003334,Clothing,64.18,4.25,3.75,49,mid,0,0,0,1281
P003622,Clothing,45.96,4.01,3.75,23,premium,1,2,0,1328
P001825,Beauty,73.81,4.95,3.75,11,mid,1,2,1,1790
P004441,Electronics,43.92,4.67,3.75,13,budget,1,5,0,839
P001054,Electronics,159.79,4.05,3.75,7,premium,0,7,0,1279
P003883,Beauty,28.78,4.74,3.75,18,mid,1,4,0,540
P000709,Home & Kitchen,87.99,4.02,3.75,56,mid,1,1,0,448
P000535,Electronics,322.69,4.43,3.75,15,mid,1,3,1,1522
P004275,Clothing,57.99,3.85,3.75,123,mid,0,1,0,920
P001843,Electronics,362.67,4.46,3.75,44,mid,1,6,0,1373
P003588,Books,11.22,4.14,3.75,707,mid,1,5,0,1238
P000347,Food & Grocery,27.75,4.06,3.75,1029,premium,0,6,1,231
P002266,Electronics,163.0,3.94,3.75,9,mid,1,3,0,485
P000468,Food & Grocery,10.8,4.32,3.75,17,budget,0,2,0,295
P004553,Electronics,103.34,4.45,3.75,1,premium,0,4,0,422
P004552,Beauty,16.57,4.46,3.75,5,premium,1,1,0,1328
P000604,Beauty,28.28,4.37,3.74,43,budget,0,3,0,93
P004059,Home & Kitchen,123.73,3.95,3.74,4,premium,0,2,1,1744
P000518,Beauty,36.4,4.18,3.74,42,mid,1,6,0,40
P000549,Beauty,29.71,3.76,3.74,35,budget,1,4,0,1745
P002918,Health,26.88,4.31,3.74,11,mid,1,1,0,249
P002009,Electronics,99.69,4.17,3.74,54,budget,1,4,0,1338
P002786,Beauty,20.22,4.77,3.74,515,mid,1,6,0,1263
P003419,Electronics,157.65,4.21,3.74,16,budget,1,1,0,1663
P003096,Electronics,477.05,4.73,3.74,167,mid,0,0,0,1122
P004912,Home & Kitchen,71.7,4.3,3.74,29,mid,0,3,0,357
P001077,Books,19.46,3.79,3.74,8,premium,0,7,0,349
P000885,Clothing,143.03,3.89,3.74,123,premium,0,5,0,1145
P004109,Food & Grocery,5.73,4.4,3.74,26,mid,0,7,0,419
P004017,Clothing,96.38,4.13,3.74,195,premium,1,4,1,980
P004205,Beauty,86.2,4.06,3.74,97,budget,0,4,0,946
P002838,Clothing,98.54,4.01,3.73,49,budget,0,6,1,1091
P003326,Health,81.89,3.89,3.73,32,premium,0,3,0,1324
P003651,Clothing,62.83,4.21,3.73,34,mid,0,7,0,1611
P000425,Sports & Outdoors,132.86,4.62,3.73,80,mid,1,6,0,984
P002533,Beauty,16.2,3.92,3.73,335,premium,0,1,0,828
P004027,Sports & Outdoors,72.83,3.44,3.73,46,mid,0,6,0,297
P003374,Electronics,134.85,4.42,3.73,28,premium,1,7,1,346
P002330,Books,11.87,4.36,3.73,64,budget,0,0,0,1074
P001024,Books,16.33,4.6,3.73,30,premium,0,0,1,1331
P003880,Home & Kitchen,44.69,3.89,3.73,68,mid,1,5,0,1770
P004254,Books,13.67,4.04,3.73,281,mid,1,7,1,523
P001821,Food & Grocery,38.89,3.93,3.73,9,mid,1,7,1,150
P000934,Toys & Games,45.11,4.24,3.73,35,mid,0,7,0,111
P000376,Electronics,296.33,3.89,3.73,38,mid,0,0,0,519
P004380,Electronics,70.34,3.87,3.73,10,mid,1,5,0,1585
P004585,Beauty,79.55,3.99,3.73,16,mid,1,3,1,881
P003757,Clothing,51.51,4.34,3.73,76,budget,1,5,0,1650
P001051,Sports & Outdoors,72.07,4.32,3.73,19,mid,1,4,0,67
P001270,Books,5.23,4.23,3.73,3,budget,1,4,0,768
P000914,Automotive,57.51,4.38,3.73,87,premium,0,4,0,1089
P001215,Clothing,32.96,4.92,3.73,6,mid,0,0,0,1554
P003721,Sports & Outdoors,54.8,4.48,3.73,30,mid,1,1,0,1061
P003716,Toys & Games,29.4,3.33,3.73,107,premium,1,5,0,572
P003405,Health,34.11,4.11,3.72,7,budget,1,0,1,980
P000827,Sports & Outdoors,74.48,3.51,3.72,28,premium,1,4,0,369
P002182,Automotive,141.76,4.12,3.72,31,mid,0,2,0,184
P000031,Beauty,26.45,3.99,3.72,42,mid,1,5,0,801
P000050,Electronics,453.86,4.74,3.72,54,budget,1,1,0,229
P001730,Home & Kitchen,79.96,3.9,3.72,44,mid,1,3,0,277
P000778,Electronics,57.42,3.93,3.72,29,budget,0,7,0,544
P004906,Books,55.8,4.03,3.72,49,budget,1,5,0,786
P001063,Clothing,18.48,4.19,3.72,19,mid,0,5,0,1721
P004341,Electronics,136.75,4.01,3.72,85,mid,0,1,0,1436
P004657,Health,99.82,3.97,3.72,6,budget,0,5,0,1621
P004614,Home & Kitchen,18.37,3.92,3.72,20,mid,0,3,0,370
P002350,Electronics,105.43,4.07,3.72,10,mid,0,4,1,1733
P000401,Clothing,147.21,4.01,3.72,336,budget,1,3,0,1573
P004018,Home & Kitchen,93.82,4.11,3.72,288,budget,1,2,1,249
P002262,Automotive,32.77,4.04,3.72,57,mid,1,7,1,1025
P000436,Clothing,44.29,3.91,3.72,24,mid,1,3,0,225
P003611,Sports & Outdoors,21.85,3.84,3.72,236,mid,0,7,0,218
P000539,Electronics,328.8,4.72,3.72,112,mid,1,3,0,690
P000941,Clothing,55.24,3.95,3.72,42,mid,1,0,1,1403
P003566,Toys & Games,48.96,3.59,3.72,10,premium,1,4,0,1720
P004291,Electronics,321.89,4.13,3.72,56,budget,0,2,0,558
P003886,Electronics,430.25,3.54,3.72,7,mid,1,5,1,1048
P000559,Sports & Outdoors,62.1,4.12,3.72,25,budget,0,4,1,338
P001458,Home & Kitchen,69.06,3.8,3.72,114,mid,0,7,0,108
P000928,Health,21.34,3.71,3.71,47,mid,1,4,1,1771
P001743,Electronics,96.24,4.22,3.71,52,mid,1,0,0,759
P001086,Beauty,87.95,3.93,3.71,21,premium,1,3,0,1776
P004775,Electronics,283.06,4.14,3.71,38,budget,0,1,1,381
P003427,Electronics,252.61,4.94,3.71,24,budget,1,4,1,564
P003211,Home & Kitchen,43.2,4.07,3.71,30,budget,1,0,0,1267
P002019,Sports & Outdoors,31.57,3.53,3.71,23,premium,0,5,0,1709
P004579,Books,25.77,3.94,3.71,136,mid,0,7,0,447
P004142,Books,23.05,3.83,3.71,31,premium,1,7,1,371
P003336,Home & Kitchen,25.38,4.34,3.71,10,mid,1,4,0,602
P000920,Books,11.3,4.24,3.71,10,premium,1,1,0,1213
P004652,Toys & Games,36.8,3.92,3.71,7,premium,1,3,1,1037
P002072,Home & Kitchen,153.43,4.56,3.71,53,premium,0,5,0,995
P004718,Sports & Outdoors,169.21,4.55,3.71,18,budget,1,1,0,532
P001208,Books,28.7,4.28,3.71,5,mid,0,3,0,186
P000182,Health,20.26,3.95,3.71,29,mid,0,1,0,1548
P000433,Beauty,15.06,4.17,3.71,940,budget,1,3,1,1031
P003569,Toys & Games,49.53,4.0,3.71,80,mid,1,4,0,460
P000736,Beauty,44.47,4.51,3.71,192,premium,1,5,0,394
P001125,Home & Kitchen,79.15,4.63,3.71,16,budget,1,7,1,234
P002736,Home & Kitchen,21.77,4.25,3.71,6,budget,1,0,1,493
P003949,Health,57.82,3.57,3.71,18,budget,0,0,0,386
P000574,Toys & Games,91.87,4.5,3.71,4,mid,1,6,1,1003
P002810,Electronics,215.79,4.4,3.71,140,mid,1,6,0,636
P003872,Clothing,15.06,4.06,3.71,9,budget,1,1,0,271
P000804,Sports & Outdoors,51.76,3.87,3.71,20,budget,0,6,1,746
P004534,Books,12.66,3.47,3.71,9,mid,1,3,0,143
P001952,Electronics,160.52,4.67,3.7,30,premium,0,0,1,42
P001107,Electronics,260.17,4.5,3.7,23,budget,1,2,0,1409
P002773,Health,15.18,3.53,3.7,70,mid,1,3,0,1149
P003016,Beauty,75.37,3.84,3.7,119,mid,1,7,1,1549
P000325,Health,18.63,3.89,3.7,88,budget,0,2,0,1173
P004185,Food & Grocery,41.33,3.92,3.7,21,mid,1,5,0,531
P003411,Sports & Outdoors,86.12,3.84,3.7,33,mid,1,7,0,357
P001285,Food & Grocery,16.52,4.56,3.7,49,mid,1,3,0,1095
P001547,Clothing,109.76,4.13,3.7,9,budget,1,2,0,919
P003230,Books,4.2,3.71,3.7,15,budget,1,2,0,1725
P004176,Books,23.61,4.59,3.7,40,budget,0,1,0,1553
P002328,Clothing,97.57,3.87,3.7,32,budget,1,7,1,373
P003120,Clothing,58.1,4.26,3.7,37,mid,0,7,0,1670
P002288,Toys & Games,47.64,4.13,3.7,92,mid,1,2,1,1770
P001447,Food & Grocery,102.49,4.09,3.7,70,mid,0,0,0,957
P002777,Sports & Outdoors,46.74,4.17,3.7,50,budget,1,5,1,1797
P004655,Home & Kitchen,16.38,4.18,3.69,1,budget,1,0,0,122
P000701,Clothing,83.31,3.44,3.69,26,budget,1,3,1,372
P004263,Clothing,80.25,3.84,3.69,2,premium,1,1,0,1024
P001892,Beauty,38.21,3.61,3.69,1,budget,0,0,0,304
P002659,Electronics,224.84,4.03,3.69,54,mid,0,7,0,1033
P004050,Beauty,23.46,4.01,3.69,140,budget,1,2,1,348
P004221,Clothing,43.74,4.37,3.69,9,budget,1,5,0,474
P001181,Beauty,54.21,4.17,3.69,21,budget,1,0,0,678
P003508,Toys & Games,35.75,4.29,3.69,57,mid,0,7,0,1212
P003718,Toys & Games,32.43,4.3,3.69,15,budget,1,2,0,972
P002992,Toys & Games,60.54,4.17,3.69,113,budget,1,6,0,1545
P003284,Electronics,92.45,4.48,3.69,9,budget,1,2,0,867
P001598,Electronics,179.78,3.91,3.69,18,mid,1,4,1,102
P002130,Electronics,151.41,3.87,3.69,426,premium,1,1,1,1526
P003222,Toys & Games,67.63,4.09,3.69,15,budget,0,6,0,944
P003079,Sports & Outdoors,79.46,4.91,3.69,74,budget,1,4,0,269
P003109,Clothing,43.19,4.14,3.69,25,budget,1,5,0,1240
P004005,Books,46.26,4.39,3.69,42,premium,1,6,0,1559
P004357,Food & Grocery,22.08,4.31,3.69,61,mid,1,7,1,1149
P000041,Home & Kitchen,98.59,3.99,3.69,92,premium,1,2,0,1081
P002656,Food & Grocery,28.33,3.7,3.69,8,mid,1,6,0,1778
P003459,Electronics,174.63,3.96,3.69,21,mid,0,7,1,51
P002982,Clothing,23.24,4.42,3.68,51,budget,1,4,0,975
P002507,Food & Grocery,19.97,3.14,3.68,197,budget,0,6,1,1012
P003395,Beauty,40.48,4.28,3.68,65,mid,0,4,1,402
P001461,Toys & Games,32.59,4.04,3.68,30,mid,0,4,1,1710
P001453,Health,41.95,4.47,3.68,201,mid,0,4,1,642
P002955,Books,25.08,4.08,3.68,77,mid,0,1,0,603
P002352,Health,31.02,3.83,3.68,32,mid,1,5,0,1090
P004696,Sports & Outdoors,115.34,4.26,3.68,559,mid,0,7,0,1685
P004682,Electronics,199.2,4.53,3.68,42,budget,1,4,1,1144
P000315,Home & Kitchen,77.44,4.06,3.68,3,budget,1,1,0,1799
P003986,Electronics,631.94,3.62,3.68,57,budget,0,1,1,336
P000295,Health,21.41,4.18,3.68,82,budget,0,1,1,664
P004722,Books,17.55,4.14,3.68,3,budget,0,3,0,1030
P000235,Food & Grocery,35.45,4.14,3.68,67,mid,1,0,0,1104
P000748,Home & Kitchen,70.02,4.02,3.68,67,mid,1,7,0,1481
P003847,Beauty,42.67,4.05,3.68,2,budget,1,7,0,1221
P001223,Health,24.84,3.7,3.68,31,mid,1,5,0,92
P003234,Electronics,135.76,4.34,3.68,22,mid,0,1,0,1653
P001283,Home & Kitchen,37.54,4.33,3.68,221,mid,1,6,1,283
P001295,Home & Kitchen,26.75,4.31,3.68,23,mid,1,3,0,1057
P002632,Books,32.21,3.84,3.68,6,budget,1,0,0,1656
P001529,Electronics,159.32,4.04,3.68,31,premium,1,0,0,1697
P001155,Books,22.74,4.12,3.68,6,mid,0,2,1,919
P003274,Beauty,18.01,4.06,3.68,14,mid,0,6,0,1589
P004982,Clothing,49.27,3.78,3.67,31,premium,0,6,1,500
P003498,Beauty,9.55,4.05,3.67,93,premium,1,5,1,1627
P001334,Automotive,136.16,3.52,3.67,10,budget,0,3,0,1611
P003612,Clothing,53.1,4.27,3.67,18,mid,1,5,0,1465
P002304,Books,13.81,4.27,3.67,112,budget,0,1,0,1391
P000196,Electronics,389.03,3.66,3.67,36,mid,1,1,0,1784
P002638,Clothing,72.34,3.94,3.67,361,budget,1,3,0,471
P004602,Food & Grocery,18.77,4.84,3.67,16,premium,0,3,0,1212
P003750,Clothing,40.26,4.36,3.67,55,premium,1,1,0,792
P003913,Health,94.59,3.78,3.67,4,budget,0,2,1,1357
P000057,Home & Kitchen,36.83,4.21,3.67,107,mid,1,2,1,526
P002411,Beauty,52.61,4.2,3.67,203,budget,0,4,0,1438
P000705,Clothing,23.9,3.62,3.67,14,premium,1,0,0,302
P002559,Home & Kitchen,58.8,4.3,3.67,11,budget,0,3,1,547
P003835,Clothing,47.52,3.78,3.67,27,premium,1,3,0,966
P002472,Health,86.49,3.91,3.66,152,mid,1,1,0,245
P003862,Electronics,239.77,3.94,3.66,67,budget,0,1,0,486
P004457,Electronics,57.9,3.9,3.66,19,budget,0,1,1,449
P004283,Sports & Outdoors,126.44,4.22,3.66,12,mid,1,5,0,903
P002096,Home & Kitchen,130.83,4.05,3.66,34,budget,0,2,1,727
P001075,Health,49.09,3.62,3.66,66,mid,0,5,0,1457
P000055,Beauty,38.63,4.0,3.66,41,mid,0,6,0,1035
P000222,Books,10.63,4.04,3.66,59,budget,0,5,0,1697
P000255,Clothing,19.81,4.22,3.66,124,premium,0,4,0,50
P004651,Health,16.81,3.66,3.66,17,budget,0,6,1,126
P002582,Toys & Games,39.5,4.67,3.66,28,budget,1,6,0,977
P003657,Electronics,130.94,3.73,3.66,44,premium,1,2,1,666
P003254,Books,8.28,3.97,3.66,29,mid,1,2,1,793
P001245,Home & Kitchen,46.93,4.37,3.66,3,budget,1,6,1,1136
P001783,Clothing,195.02,3.8,3.66,205,premium,1,4,0,1404
P001573,Books,21.75,4.07,3.66,10,mid,1,6,0,938
P000190,Clothing,29.98,4.03,3.66,91,mid,1,1,0,1187
P002550,Clothing,40.72,4.11,3.66,5,budget,1,7,0,1078
P001588,Books,26.95,4.62,3.66,135,mid,1,0,0,1055
P000139,Toys & Games,23.56,3.21,3.66,26,mid,0,6,1,779
P001989,Automotive,81.91,3.91,3.66,168,mid,1,5,0,1091
P003008,Electronics,127.82,4.22,3.66,12,budget,1,6,1,88
P004979,Toys & Games,42.08,4.33,3.66,15,mid,1,2,1,536
P002086,Clothing,107.91,4.43,3.66,242,mid,1,0,0,359
P002251,Books,13.03,4.01,3.66,14,premium,0,3,0,1022
P001056,Beauty,10.82,4.28,3.66,59,budget,1,2,0,1115
P004270,Beauty,29.39,3.88,3.66,33,budget,0,4,0,947
P002884,Clothing,31.81,3.5,3.65,123,mid,1,4,0,774
P000153,Electronics,302.69,3.93,3.65,11,budget,1,2,0,748
P004844,Home & Kitchen,16.09,4.01,3.65,43,budget,1,2,0,801
P001943,Home & Kitchen,30.08,3.78,3.65,77,budget,0,5,0,871
P004836,Toys & Games,47.21,4.18,3.65,85,premium,1,1,0,1733
P004086,Food & Grocery,68.2,4.03,3.65,631,mid,1,6,0,1715
P002243,Home & Kitchen,60.76,3.73,3.65,140,mid,1,5,0,1419
P000431,Food & Grocery,33.75,4.4,3.65,4,budget,1,4,0,606
P002252,Toys & Games,32.36,3.85,3.65,81,mid,1,3,0,649
P003690,Home & Kitchen,30.79,4.14,3.65,27,budget,1,4,1,865
P000370,Health,46.18,4.05,3.65,55,mid,0,7,0,398
P003279,Clothing,15.81,4.29,3.65,57,budget,0,4,1,1307
P002437,Sports & Outdoors,64.39,3.81,3.65,15,premium,0,1,0,826
P001554,Home & Kitchen,48.7,3.82,3.65,16,mid,0,3,0,1789
P004373,Books,12.82,4.11,3.65,13,mid,1,4,1,920
P004349,Books,11.02,4.24,3.65,25,budget,1,0,0,1574
P002420,Food & Grocery,22.66,4.19,3.65,48,mid,1,1,0,126
P004908,Electronics,212.74,4.47,3.65,2,mid,1,0,1,431
P003488,Beauty,19.9,4.29,3.65,321,budget,1,4,0,1151
P003440,Sports & Outdoors,217.81,3.86,3.65,31,premium,1,7,0,312
P002774,Electronics,182.83,4.28,3.65,18,mid,0,5,0,1178
P004365,Beauty,44.63,4.04,3.65,18,mid,0,0,0,1361
P002677,Home & Kitchen,60.64,3.62,3.65,14,mid,1,2,0,1475
P000409,Electronics,116.86,4.18,3.65,34,budget,0,2,0,1016
P004416,Toys & Games,16.34,4.33,3.65,5,mid,0,0,0,283
P003141,Clothing,28.3,3.78,3.65,34,budget,0,2,0,791
P000584,Home & Kitchen,29.06,3.91,3.65,49,premium,0,4,0,1510
P002851,Home & Kitchen,28.7,3.54,3.65,69,mid,0,5,0,222
P002032,Books,26.28,3.42,3.65,34,budget,0,1,0,639
P003638,Clothing,13.67,4.3,3.65,23,budget,0,4,1,1234
P000258,Electronics,237.09,4.02,3.65,6,premium,1,3,0,385
P003055,Sports & Outdoors,41.98,3.77,3.65,38,mid,1,5,0,560
P000165,Books,6.08,4.55,3.65,14,budget,1,4,0,1287
P001725,Books,20.58,4.29,3.64,23,mid,0,3,1,606
P003268,Toys & Games,31.26,4.38,3.64,135,mid,1,5,0,699
P004532,Clothing,24.14,3.46,3.64,11,budget,0,2,0,1208
P002754,Electronics,147.15,4.32,3.64,45,mid,1,4,0,927
P003737,Clothing,36.95,4.58,3.64,34,budget,0,4,0,1297
P003256,Toys & Games,47.11,4.3,3.64,34,budget,1,4,0,940
P002059,Electronics,133.18,4.07,3.64,68,budget,1,7,0,1378
P003796,Sports & Outdoors,60.54,4.06,3.64,32,budget,0,1,1,44
P001875,Health,54.46,4.47,3.64,39,budget,0,7,1,1535
P002746,Toys & Games,19.43,4.31,3.64,17,mid,1,0,0,1721
P004702,Home & Kitchen,29.39,3.5,3.64,84,mid,1,7,0,1633
P000923,Sports & Outdoors,28.16,4.22,3.64,95,budget,1,3,0,1252
P000857,Beauty,9.18,4.37,3.64,8,mid,0,7,0,895
P001628,Clothing,32.17,4.25,3.64,35,mid,0,5,1,1777
P003518,Electronics,123.63,4.3,3.64,17,premium,1,1,0,1106
P002373,Clothing,33.86,3.35,3.64,161,budget,1,2,0,478
P003044,Home & Kitchen,33.43,4.29,3.64,15,mid,0,1,0,1282
P001339,Health,25.55,3.86,3.64,119,mid,0,5,1,1165
P003963,Beauty,15.04,4.22,3.64,18,budget,1,5,0,104
P003295,Books,16.93,4.23,3.64,35,mid,0,4,0,40
P004641,Clothing,35.34,4.36,3.64,14,mid,0,7,1,1569
P004883,Sports & Outdoors,10.22,4.0,3.64,46,budget,1,7,0,775
P004117,Sports & Outdoors,111.29,3.85,3.64,7,budget,0,6,1,1440
P003532,Electronics,297.1,3.46,3.64,92,mid,0,2,0,337
P002526,Electronics,995.29,4.36,3.64,8,budget,1,0,1,1632
P002504,Toys & Games,33.55,4.2,3.64,627,budget,1,6,0,1651
P001536,Books,6.9,3.88,3.64,40,budget,1,1,0,928
P002461,Health,20.45,4.21,3.64,120,mid,1,5,0,1249
P003426,Books,7.78,3.78,3.64,36,mid,0,0,1,1200
P000890,Beauty,26.29,4.1,3.64,179,mid,0,7,0,1336
P003810,Toys & Games,25.59,4.19,3.64,12,mid,0,1,0,898
P002125,Home & Kitchen,48.55,4.31,3.64,44,mid,1,0,0,562
P002214,Books,29.65,3.41,3.64,17,mid,1,5,0,552
P004485,Health,25.53,3.73,3.64,38,premium,1,3,0,91
P000617,Beauty,34.59,3.83,3.64,18,budget,1,0,1,570
P004427,Clothing,46.15,4.0,3.63,49,mid,0,5,0,694
P004305,Electronics,474.6,4.41,3.63,28,budget,1,4,0,747
P004311,Books,30.45,3.87,3.63,12,mid,1,2,0,915
P002109,Home & Kitchen,85.76,3.83,3.63,32,mid,0,5,0,1661
P003487,Beauty,27.79,4.21,3.63,10,premium,1,4,1,1185
P004400,Toys & Games,11.62,3.89,3.63,8,budget,1,2,0,1236
P003884,Home & Kitchen,105.85,3.64,3.63,18,mid,0,3,0,103
P000552,Electronics,74.88,4.39,3.63,23,mid,1,5,1,1708
P000675,Sports & Outdoors,44.46,4.03,3.63,2,mid,0,5,0,1468
P002221,Home & Kitchen,69.07,4.1,3.63,43,premium,1,4,1,176
P002247,Clothing,61.34,3.84,3.63,14,mid,0,5,0,682
P001752,Clothing,55.15,4.66,3.63,10,budget,0,5,0,116
P003687,Home & Kitchen,32.14,4.18,3.63,106,budget,0,0,0,767
P000740,Home & Kitchen,56.05,4.16,3.63,51,premium,1,0,1,1217
P001606,Clothing,66.95,4.06,3.63,10,mid,0,7,0,848
P002527,Food & Grocery,18.67,3.6,3.63,3,budget,0,2,0,509
P004028,Sports & Outdoors,118.39,4.12,3.63,52,budget,0,1,0,783
P001578,Health,41.06,3.54,3.63,80,budget,1,3,0,715
P004976,Home & Kitchen,74.13,3.71,3.63,17,mid,0,0,1,1771
P001649,Health,47.62,4.23,3.63,60,budget,1,5,0,1181
P004139,Beauty,29.23,3.83,3.63,5,premium,0,6,0,1516
P003965,Home & Kitchen,89.0,4.42,3.63,92,budget,1,3,0,56
P004724,Sports & Outdoors,107.35,3.74,3.63,43,premium,0,2,0,583
P000728,Electronics,162.5,3.68,3.63,51,mid,1,7,1,473
P001883,Home & Kitchen,43.58,3.9,3.63,42,mid,1,1,0,1118
P003640,Books,19.07,3.97,3.63,79,premium,0,5,0,910
P004174,Clothing,25.6,3.46,3.63,10,mid,1,6,0,832
P000263,Clothing,8.04,4.42,3.63,51,mid,1,3,0,1408
P000756,Clothing,44.77,4.27,3.63,157,mid,1,6,1,1012
P002359,Automotive,76.88,3.82,3.63,18,budget,1,2,1,1473
P000268,Electronics,478.91,4.21,3.62,19,mid,0,4,0,1263
P000826,Electronics,101.84,4.04,3.62,6,premium,0,0,0,202
P000760,Home & Kitchen,68.42,3.98,3.62,97,budget,1,5,0,34
P001867,Food & Grocery,26.82,4.56,3.62,27,budget,1,6,0,777
P000310,Electronics,197.64,4.27,3.62,120,premium,1,0,0,1183
P000765,Food & Grocery,62.86,3.64,3.62,43,mid,0,2,0,940
P004758,Automotive,46.9,4.15,3.62,17,mid,1,0,0,1010
P002547,Automotive,31.49,4.04,3.62,338,budget,1,2,0,512
P001431,Food & Grocery,9.23,3.81,3.62,59,budget,1,5,0,393
P000251,Sports & Outdoors,68.25,4.22,3.62,56,mid,0,7,0,848
P004383,Clothing,46.14,4.38,3.62,31,mid,0,5,0,1356
P003189,Electronics,96.47,3.84,3.62,9,mid,0,3,0,350
P002813,Beauty,21.12,3.6,3.62,59,premium,1,5,0,1541
P002770,Automotive,68.95,4.28,3.62,26,mid,0,4,0,482
P003834,Home & Kitchen,111.48,4.14,3.62,65,premium,0,2,0,1092
P001644,Clothing,85.61,3.71,3.62,120,premium,1,0,0,1100
P001299,Beauty,28.58,4.24,3.62,34,premium,0,4,0,990
P003108,Sports & Outdoors,62.23,3.81,3.62,4,premium,0,6,0,306
P001303,Beauty,46.51,4.25,3.62,43,mid,0,7,0,1632
P001827,Books,17.99,3.89,3.62,30,budget,1,6,0,881
P004412,Electronics,122.57,3.58,3.62,74,mid,0,7,0,1182
P000473,Electronics,220.98,4.34,3.62,14,mid,0,2,0,965
P002899,Sports & Outdoors,34.03,3.66,3.62,4,premium,1,0,0,757
P000696,Books,35.35,4.29,3.62,27,mid,1,7,1,119
P000723,Electronics,413.92,3.89,3.62,3,budget,0,6,0,564
P003130,Food & Grocery,19.67,4.36,3.62,75,mid,0,4,1,1564
P001399,Books,48.31,4.35,3.61,59,premium,1,0,0,630
P001654,Electronics,369.43,3.97,3.61,54,budget,1,1,1,1331
P000949,Health,173.23,4.43,3.61,4,mid,1,4,0,587
P001504,Home & Kitchen,85.11,4.06,3.61,15,mid,0,5,0,1279
P000935,Toys & Games,54.37,3.87,3.61,4,budget,1,6,0,994
P002155,Sports & Outdoors,50.96,4.12,3.61,30,mid,1,1,0,1632
P004385,Health,16.29,4.37,3.61,12,mid,1,3,0,1282
P001974,Home & Kitchen,54.42,4.27,3.61,74,budget,0,4,1,655
P001103,Toys & Games,78.63,3.13,3.61,5,mid,1,2,1,89
P000502,Health,79.26,3.92,3.61,54,premium,0,3,0,1639
P002095,Health,31.96,3.76,3.61,31,budget,0,3,0,997
P002061,Food & Grocery,20.83,4.56,3.61,30,budget,1,0,0,213
P004171,Automotive,48.25,4.03,3.61,60,budget,1,0,1,910
P000987,Home & Kitchen,20.45,4.37,3.61,11,mid,1,3,0,1530
P003070,Home & Kitchen,42.91,4.46,3.61,51,premium,1,7,0,895
P003930,Health,46.91,4.46,3.61,78,mid,1,3,0,35
P002556,Beauty,15.55,4.06,3.61,54,budget,1,0,1,1595
P000245,Sports & Outdoors,61.85,4.11,3.61,25,premium,0,5,0,373
P003564,Clothing,108.27,3.62,3.61,11,budget,1,2,0,830
P000988,Electronics,155.69,3.96,3.61,83,budget,1,6,0,1585
P001386,Electronics,190.81,3.62,3.61,5,premium,1,7,0,1419
P000909,Clothing,26.03,4.12,3.6,28,budget,0,0,0,945
P000902,Clothing,38.08,4.09,3.6,4,budget,1,7,0,970
P002451,Sports & Outdoors,129.34,4.36,3.6,4,mid,0,2,0,1379
P003530,Books,32.97,4.02,3.6,3,mid,0,6,1,446
P000198,Health,48.76,4.37,3.6,36,budget,0,0,0,703
P004011,Clothing,31.81,3.51,3.6,6,mid,0,2,0,939
P002969,Books,22.82,4.5,3.6,14,mid,0,3,0,471
P000962,Home & Kitchen,38.78,4.03,3.6,22,budget,0,1,1,1606
P001994,Electronics,163.97,4.29,3.6,9,budget,1,6,1,520
P002000,Books,18.01,3.98,3.6,108,budget,0,5,0,1087
P002530,Sports & Outdoors,12.34,3.64,3.6,31,mid,1,7,0,610
P003960,Home & Kitchen,22.3,3.87,3.6,130,mid,1,0,0,1562
P001025,Sports & Outdoors,70.5,4.28,3.6,82,mid,0,0,0,1672
P001016,Electronics,187.87,3.88,3.6,11,mid,0,4,0,380
P004645,Clothing,66.03,4.51,3.6,20,premium,1,2,0,1179
P001014,Food & Grocery,72.97,4.01,3.6,42,mid,1,4,0,1007
P001380,Home & Kitchen,28.18,3.65,3.6,41,premium,1,7,0,803
P004736,Beauty,60.4,3.75,3.6,150,mid,0,1,1,985
P001340,Home & Kitchen,94.61,3.99,3.6,76,budget,1,2,1,287
P004748,Sports & Outdoors,12.69,4.5,3.6,65,mid,1,5,0,301
P002332,Home & Kitchen,45.94,4.42,3.6,840,mid,1,1,0,1279
P004774,Home & Kitchen,85.63,4.25,3.6,57,mid,1,5,0,65
P004123,Health,19.43,3.89,3.6,88,budget,0,5,0,603
P001300,Home & Kitchen,11.51,3.28,3.6,217,mid,1,6,1,1256
P001318,Electronics,307.78,3.81,3.6,465,mid,0,6,0,927
P004248,Electronics,132.44,4.22,3.6,936,mid,1,7,0,1172
P002083,Beauty,78.73,3.76,3.6,425,mid,0,1,0,1669
P000648,Books,23.65,3.73,3.6,6,premium,0,5,0,1096
P000456,Clothing,87.19,4.06,3.6,89,budget,0,0,0,1382
P002702,Books,34.53,4.09,3.6,150,budget,0,6,0,37
P001275,Electronics,163.65,4.41,3.6,31,budget,1,1,0,481
P000407,Clothing,56.5,3.9,3.6,21,mid,1,1,0,82
P002107,Beauty,35.67,4.53,3.6,5,mid,1,7,1,1218
P003786,Food & Grocery,31.62,3.92,3.6,32,budget,1,4,0,461
P003814,Electronics,167.96,3.8,3.6,36,budget,1,7,0,1158
P002136,Books,19.72,3.6,3.6,21,budget,0,4,0,1576
P003176,Electronics,153.08,3.75,3.6,26,budget,1,7,0,373
P000550,Home & Kitchen,100.6,3.81,3.6,52,mid,1,0,0,967
P003152,Sports & Outdoors,89.17,4.23,3.6,15,mid,0,0,1,1484
P002455,Sports & Outdoors,212.33,4.22,3.6,94,budget,0,6,0,63
P002835,Beauty,18.39,4.09,3.6,5,mid,1,5,0,1656
P000056,Toys & Games,25.39,3.98,3.6,12,premium,1,7,0,357
P002414,Books,16.03,4.48,3.6,57,premium,0,5,0,800
P004990,Electronics,236.74,4.06,3.59,19,budget,0,2,0,1078
P003485,Beauty,20.56,3.5,3.59,82,mid,1,1,0,1336
P003161,Automotive,200.87,4.78,3.59,38,budget,0,6,0,822
P001172,Beauty,18.04,4.02,3.59,318,budget,0,2,0,1069
P000589,Clothing,109.15,3.49,3.59,15,budget,0,3,0,226
P003936,Clothing,129.28,3.45,3.59,330,mid,0,3,1,1100
P003275,Beauty,54.08,3.54,3.59,10,budget,0,7,1,1668
P004672,Clothing,64.46,3.91,3.59,176,budget,1,5,0,753
P002707,Health,28.87,4.05,3.59,51,budget,0,1,0,141
P001067,Home & Kitchen,18.42,3.87,3.59,51,mid,0,2,0,1131
P001537,Toys & Games,17.41,3.94,3.59,421,budget,0,3,1,284
P002926,Sports & Outdoors,28.67,3.97,3.59,28,budget,1,5,0,245
P003975,Electronics,134.99,3.81,3.59,4,premium,1,3,1,453
P004057,Clothing,84.71,3.84,3.59,88,budget,0,3,0,1193
P004116,Clothing,45.2,4.12,3.59,77,premium,1,5,1,1704
P003429,Food & Grocery,32.07,4.34,3.59,13,mid,1,5,0,959
P004003,Health,36.4,3.49,3.59,28,budget,1,2,1,1436
P004853,Toys & Games,33.71,4.17,3.59,101,budget,1,1,1,1232
P001919,Sports & Outdoors,81.86,2.92,3.59,9,premium,0,0,0,633
P003672,Sports & Outdoors,73.59,4.04,3.59,2,budget,1,6,0,1373
P002275,Health,41.2,4.14,3.59,538,mid,1,5,0,836
P002183,Toys & Games,21.17,4.39,3.59,3,premium,1,2,0,129
P000614,Automotive,66.22,3.83,3.58,10,mid,0,5,0,864
P000916,Food & Grocery,12.12,3.63,3.58,144,mid,0,7,0,430
P002570,Automotive,148.06,4.12,3.58,198,budget,1,0,1,1564
P004164,Home & Kitchen,27.53,4.08,3.58,502,budget,0,0,0,1323
P003841,Beauty,28.96,3.75,3.58,44,budget,0,5,0,892
P004131,Beauty,10.19,3.54,3.58,37,budget,1,6,0,290
P000905,Food & Grocery,16.12,4.16,3.58,38,mid,1,7,0,581
P004706,Clothing,63.45,4.25,3.58,76,premium,0,4,0,85
P000847,Home & Kitchen,61.84,4.08,3.58,77,mid,0,5,0,579
P002587,Clothing,58.78,4.29,3.58,54,budget,1,4,0,1487
P001673,Beauty,14.6,4.01,3.58,99,mid,1,0,0,400
P000192,Clothing,33.78,3.85,3.58,32,budget,1,2,0,1587
P000289,Books,9.31,3.89,3.58,172,budget,1,2,0,407
P001050,Clothing,64.16,3.47,3.58,19,premium,1,7,0,1479
P001766,Electronics,129.6,4.05,3.58,0,budget,0,5,0,97
P003803,Clothing,68.32,3.78,3.58,141,budget,1,6,0,1575
P001811,Clothing,134.16,4.54,3.58,13,mid,1,6,0,385
P000507,Clothing,89.5,3.97,3.58,118,budget,0,4,0,1775
P002666,Toys & Games,13.87,4.08,3.58,11,budget,0,6,1,1529
P004408,Home & Kitchen,53.57,3.99,3.58,64,premium,1,5,0,780
P003629,Sports & Outdoors,26.92,3.58,3.57,16,premium,1,1,0,1320
P000429,Electronics,153.49,3.49,3.57,11,mid,1,6,1,586
P002852,Home & Kitchen,46.14,4.43,3.57,89,budget,0,5,1,1501
P004962,Electronics,160.71,3.4,3.57,3,budget,1,5,0,679
P004204,Sports & Outdoors,54.85,3.93,3.57,4,mid,0,5,0,561
P002580,Food & Grocery,14.95,3.95,3.57,397,mid,1,1,1,716
P001427,Electronics,651.23,4.1,3.57,11,mid,0,2,1,1510
P003982,Home & Kitchen,137.57,3.38,3.57,168,mid,0,4,0,531
P001660,Electronics,160.74,4.24,3.57,5,mid,1,3,0,1118
P002355,Home & Kitchen,36.62,3.05,3.57,2,budget,1,6,0,176
P000206,Clothing,68.91,3.98,3.57,29,mid,0,0,0,198
P001999,Health,28.38,4.22,3.57,15,premium,0,4,0,574
P000157,Clothing,18.61,3.83,3.57,79,budget,1,6,0,903
P001624,Electronics,992.68,3.67,3.57,5,premium,0,3,0,1453
P003358,Books,13.94,3.34,3.57,3,premium,0,4,0,519
P002011,Electronics,335.9,4.0,3.57,30,mid,0,5,1,1394
P001907,Home & Kitchen,28.34,3.8,3.57,692,mid,0,7,0,1681
P003888,Health,49.33,3.88,3.57,106,premium,1,7,0,962
P000131,Electronics,221.76,3.83,3.57,1,mid,0,3,0,1115
P004566,Sports & Outdoors,142.38,4.43,3.57,26,premium,1,7,0,755
P001716,Toys & Games,22.18,4.61,3.57,48,premium,0,1,0,74
P002039,Sports & Outdoors,50.61,3.75,3.57,6,premium,1,4,0,1282
P002621,Health,12.98,4.28,3.57,9,premium,0,7,0,966
P000332,Clothing,56.52,3.83,3.57,11,premium,1,4,1,569
P004668,Home & Kitchen,101.8,3.91,3.57,8,mid,1,0,0,1719
P002402,Toys & Games,18.12,4.04,3.57,32,premium,1,7,0,372
P001618,Books,17.57,3.97,3.57,117,mid,1,0,0,1286
P000534,Sports & Outdoors,47.15,4.29,3.56,16,mid,1,0,0,300
P001132,Books,6.73,4.06,3.56,27,budget,1,2,0,1549
P002167,Health,41.36,4.3,3.56,3,budget,0,6,1,1576
P001802,Sports & Outdoors,92.05,4.06,3.56,19,budget,0,3,0,1359
P002408,Clothing,35.47,3.71,3.56,10,mid,0,1,0,450
P002459,Clothing,24.36,4.02,3.56,226,mid,1,0,0,869
P002458,Electronics,512.02,4.19,3.56,19,budget,0,5,0,771
P000913,Health,38.65,3.54,3.56,125,premium,1,2,0,1072
P001052,Electronics,254.1,4.31,3.56,80,mid,1,6,0,728
P003458,Health,76.52,3.41,3.56,17,premium,1,5,0,898
P003546,Home & Kitchen,53.24,3.89,3.56,26,budget,1,4,0,703
P000256,Beauty,20.26,3.81,3.56,18,mid,1,1,0,518
P001429,Toys & Games,26.0,3.59,3.56,102,mid,0,3,1,1375
P001428,Electronics,64.28,3.94,3.56,5,mid,0,6,0,581
P004157,Health,109.46,3.96,3.56,31,mid,1,3,0,1021
P003641,Clothing,57.35,4.17,3.56,14,budget,1,6,1,1070
P000777,Sports & Outdoors,58.61,3.15,3.56,30,mid,1,7,0,176
P004591,Clothing,16.71,3.67,3.56,11,premium,1,1,0,1191
P000514,Clothing,17.04,4.1,3.56,24,budget,1,2,0,1781
P002723,Home & Kitchen,22.6,4.15,3.56,305,budget,1,7,1,223
P002081,Home & Kitchen,49.04,3.74,3.56,6,mid,1,7,0,948
P000472,Home & Kitchen,39.19,3.83,3.56,4,mid,1,2,0,1439
P004584,Automotive,80.94,3.56,3.56,36,mid,0,4,0,864
P004581,Beauty,74.47,4.37,3.56,43,premium,1,6,0,404
P001701,Food & Grocery,29.51,4.0,3.56,9,budget,1,5,1,946
P001273,Home & Kitchen,34.0,3.62,3.56,44,mid,0,4,0,353
P003933,Books,55.73,3.62,3.56,9,mid,1,1,0,462
P002270,Health,68.13,3.92,3.56,57,mid,1,2,0,748
P001921,Books,44.81,4.11,3.55,70,mid,1,5,0,195
P001594,Home & Kitchen,60.68,3.96,3.55,20,premium,1,3,1,1574
P000022,Home & Kitchen,15.77,4.0,3.55,106,mid,0,5,0,108
P000015,Home & Kitchen,33.35,3.82,3.55,74,budget,1,3,0,1630
P003472,Home & Kitchen,63.46,3.45,3.55,262,premium,1,3,0,513
P004387,Clothing,17.88,4.27,3.55,77,mid,0,3,1,1043
P001923,Home & Kitchen,103.3,3.72,3.55,15,budget,1,4,1,1235
P003610,Clothing,30.12,4.07,3.55,30,budget,0,7,0,43
P000613,Automotive,18.26,4.27,3.55,18,budget,1,0,0,1599
P003144,Electronics,289.46,3.85,3.55,9,budget,1,6,0,956
P000940,Electronics,240.67,4.23,3.55,15,budget,1,2,0,560
P003006,Toys & Games,16.01,3.59,3.55,14,mid,1,2,1,1722
P003743,Health,83.35,3.98,3.55,7,mid,0,6,0,496
P001072,Sports & Outdoors,16.62,3.87,3.55,41,mid,0,4,0,396
P004328,Beauty,15.91,4.03,3.55,12,premium,0,6,0,907
P003198,Electronics,178.55,3.62,3.55,56,budget,0,4,0,142
P003920,Home & Kitchen,72.34,4.02,3.55,4,budget,0,4,0,1711
P001049,Health,65.04,3.62,3.55,7,mid,1,3,0,1798
P001280,Sports & Outdoors,34.94,4.12,3.55,90,budget,0,0,0,1427
P001764,Electronics,131.65,3.87,3.55,4,mid,1,7,0,316
P003138,Electronics,263.25,4.01,3.55,265,premium,0,6,0,1699
P003299,Home & Kitchen,49.98,3.96,3.55,2,mid,0,2,1,747
P003720,Home & Kitchen,60.16,3.65,3.55,126,budget,0,3,0,1235
P003084,Toys & Games,109.61,3.54,3.55,10,budget,1,4,0,1044
P003712,Beauty,17.82,4.07,3.55,22,budget,1,1,0,1387
P002076,Books,15.91,4.12,3.55,16,budget,1,3,0,31
P001667,Health,37.11,4.18,3.55,196,budget,1,1,0,818
P001938,Sports & Outdoors,47.01,4.03,3.55,130,premium,0,0,1,660
P003992,Home & Kitchen,130.99,4.03,3.55,197,mid,0,1,1,360
P001829,Food & Grocery,17.9,4.22,3.54,7,premium,0,4,1,191
P004951,Clothing,35.66,3.98,3.54,7,budget,0,0,0,1705
P000062,Home & Kitchen,68.7,4.1,3.54,8,budget,0,6,1,1009
P004358,Clothing,73.41,4.26,3.54,16,mid,1,6,0,641
P001838,Home & Kitchen,42.3,4.37,3.54,86,budget,0,4,0,578
P003203,Food & Grocery,12.15,4.08,3.54,12,mid,0,3,0,1692
P002741,Electronics,421.71,3.45,3.54,98,mid,0,0,0,1736
P002728,Electronics,167.34,3.76,3.54,18,mid,0,5,0,711
P001206,Electronics,97.18,3.79,3.54,98,mid,1,2,1,1754
P000527,Food & Grocery,44.01,3.52,3.54,4,mid,1,3,1,1488
P001775,Sports & Outdoors,33.72,4.5,3.54,101,mid,1,3,0,661
P003793,Electronics,194.2,4.22,3.54,7,budget,1,1,0,741
P001771,Sports & Outdoors,23.99,3.74,3.54,38,premium,1,0,0,1024
P001036,Sports & Outdoors,89.23,3.97,3.54,233,budget,1,0,1,602
P000758,Food & Grocery,28.75,4.11,3.54,385,mid,0,5,0,1020
P001698,Toys & Games,45.47,3.93,3.54,21,budget,1,0,1,155
P000348,Clothing,46.34,3.97,3.54,5,budget,1,1,0,1328
P004578,Electronics,143.56,4.16,3.54,85,mid,1,2,0,94
P000779,Toys & Games,26.22,3.38,3.54,14,mid,0,5,0,1294
P000727,Clothing,21.12,3.93,3.54,2,mid,0,7,0,1510
P000800,Beauty,32.17,3.94,3.54,11,mid,1,5,0,1798
P003999,Clothing,20.02,3.55,3.54,60,mid,1,6,0,153
P000823,Clothing,89.43,4.14,3.54,109,mid,0,7,1,760
P004715,Books,17.69,3.65,3.54,33,mid,1,7,0,1202
P002534,Electronics,139.48,3.89,3.54,30,budget,0,3,1,281
P002358,Books,48.93,3.91,3.54,12,budget,0,3,0,1475
P000217,Electronics,158.97,3.99,3.54,13,premium,1,3,1,827
P004857,Home & Kitchen,22.5,4.15,3.54,21,budget,1,4,0,1329
P004975,Sports & Outdoors,91.15,3.98,3.54,26,budget,0,5,0,658
P002512,Home & Kitchen,26.21,3.69,3.53,133,budget,1,0,0,564
P000257,Toys & Games,26.36,4.14,3.53,10,budget,1,7,1,1227
P004135,Books,26.67,3.79,3.53,9,budget,0,4,1,847
P003661,Clothing,54.0,3.52,3.53,54,budget,1,2,1,1776
P003314,Sports & Outdoors,91.05,3.62,3.53,11,mid,1,5,0,1185
P001957,Books,18.16,3.91,3.53,7,budget,1,6,0,618
P003239,Home & Kitchen,28.23,3.97,3.53,4,mid,0,1,0,802
P003726,Toys & Games,64.26,4.04,3.53,95,mid,1,5,0,639
P001211,Beauty,18.56,3.92,3.53,312,budget,1,7,0,398
P004619,Home & Kitchen,167.0,4.14,3.53,121,budget,0,1,1,692
P003465,Beauty,19.7,3.62,3.53,366,mid,1,3,0,1645
P000066,Books,16.34,3.91,3.53,81,budget,1,5,0,1522
P002407,Books,24.95,4.4,3.53,71,budget,1,3,0,1100
P004936,Electronics,258.92,4.01,3.53,44,mid,1,6,0,1274
P003168,Clothing,7.91,4.29,3.53,3,premium,0,4,0,470
P002802,Books,15.15,4.17,3.53,37,budget,0,4,1,1702
P002160,Electronics,357.54,3.89,3.53,3015,budget,0,2,0,1490
P003844,Sports & Outdoors,82.0,4.23,3.53,21,budget,0,4,0,1656
P002788,Books,16.62,3.99,3.53,40,premium,1,6,1,36
P004442,Clothing,72.61,3.84,3.53,18,budget,1,2,1,142
P002014,Home & Kitchen,24.01,3.92,3.53,8,mid,0,3,0,1475
P000637,Beauty,21.98,3.9,3.53,11,mid,0,0,0,1659
P003075,Health,45.97,3.73,3.53,315,premium,0,6,1,179
P004323,Sports & Outdoors,36.53,3.84,3.53,51,mid,0,0,1,1606
P004321,Toys & Games,16.96,4.18,3.53,18,mid,0,3,1,795
P001523,Health,21.39,3.93,3.53,125,budget,0,1,1,1232
P001269,Books,11.99,3.9,3.52,3,budget,0,1,0,549
P004512,Books,14.96,3.8,3.52,113,budget,1,0,0,268
P000592,Home & Kitchen,46.02,4.08,3.52,19,budget,1,0,0,362
P003823,Books,8.69,3.94,3.52,25,premium,1,0,1,337
P004954,Automotive,57.26,3.87,3.52,23,mid,0,6,0,1441
P004290,Sports & Outdoors,128.26,4.05,3.52,32,budget,1,5,0,708
P003433,Automotive,80.71,4.02,3.52,4,premium,0,7,0,1098
P001874,Automotive,46.46,3.3,3.52,1,budget,1,3,0,1071
P004223,Clothing,59.23,3.8,3.52,24,budget,0,4,1,461
P003881,Beauty,18.51,3.76,3.52,367,mid,1,6,0,564
P002863,Clothing,63.27,4.17,3.52,71,budget,0,2,1,303
P000866,Health,51.94,3.64,3.52,91,budget,0,4,0,1338
P002224,Clothing,63.34,4.0,3.52,39,budget,1,4,0,1161
P001769,Electronics,195.98,3.83,3.52,57,mid,1,7,1,508
P003220,Clothing,44.57,3.95,3.52,64,budget,1,2,0,631
P004130,Health,8.31,3.87,3.52,61,budget,1,1,0,1663
P004021,Clothing,26.82,4.37,3.52,86,mid,0,6,0,1396
P003385,Clothing,48.65,3.71,3.52,4,mid,0,7,0,1560
P004068,Beauty,7.36,4.11,3.52,14,mid,1,2,0,1086
P004124,Home & Kitchen,58.43,3.61,3.52,1,mid,1,5,0,1466
P003583,Home & Kitchen,60.04,3.86,3.52,36,mid,1,4,0,1328
P003559,Sports & Outdoors,33.41,3.7,3.52,20,mid,0,4,1,1627
P003377,Electronics,203.07,4.07,3.52,5,mid,1,6,0,304
P000170,Food & Grocery,21.96,4.03,3.52,12,mid,1,5,0,1028
P004076,Home & Kitchen,74.65,4.03,3.52,14,mid,1,6,0,265
P004080,Home & Kitchen,49.37,3.45,3.52,39,mid,1,2,1,253
P003390,Clothing,36.65,4.15,3.52,4,budget,1,7,0,1036
P000568,Electronics,70.74,3.88,3.52,22,mid,1,3,0,1099
P003842,Sports & Outdoors,26.45,4.3,3.52,4,premium,1,2,0,1745
P001822,Books,11.24,3.77,3.52,15,premium,1,6,1,405
P002828,Clothing,129.07,3.99,3.52,301,premium,0,1,0,768
P002173,Books,51.77,3.83,3.52,4,budget,1,3,0,1191
P003413,Books,46.06,3.96,3.51,91,budget,1,3,0,1299
P002150,Electronics,158.06,3.95,3.51,17,mid,0,4,1,114
P003154,Electronics,256.0,3.77,3.51,8,mid,0,4,0,1213
P003985,Home & Kitchen,27.66,4.23,3.51,64,mid,0,0,0,812
P003136,Toys & Games,19.22,4.19,3.51,27,mid,1,6,0,717
P001567,Electronics,519.73,4.51,3.51,137,mid,1,6,0,1773
P002898,Clothing,208.02,3.65,3.51,55,premium,1,0,0,1301
P000747,Clothing,94.06,3.96,3.51,54,budget,1,1,1,703
P000655,Health,41.99,4.0,3.51,28,budget,1,4,1,508
P002020,Home & Kitchen,29.58,3.31,3.51,77,premium,0,5,0,83
P003214,Sports & Outdoors,98.41,3.26,3.51,30,premium,0,4,0,1650
P001366,Books,45.65,3.79,3.51,50,mid,1,0,0,179
P003854,Home & Kitchen,65.1,3.94,3.51,298,budget,1,3,1,86
P004406,Sports & Outdoors,151.67,3.56,3.51,40,premium,0,0,1,892
P004079,Electronics,344.86,3.87,3.51,55,budget,1,3,0,1776
P003679,Clothing,77.92,3.71,3.51,23,budget,1,7,0,1031
P002584,Clothing,84.46,3.7,3.51,9,mid,1,3,0,740
P000426,Toys & Games,79.28,3.84,3.51,22,premium,1,1,1,390
P002513,Electronics,173.38,3.5,3.5,38,premium,0,7,1,1672
P003529,Toys & Games,11.8,3.83,3.5,79,budget,0,5,0,583
P004765,Home & Kitchen,74.47,3.12,3.5,20,budget,1,4,1,1384
P000933,Home & Kitchen,72.76,4.02,3.5,7,mid,0,5,0,1374
P004588,Food & Grocery,19.68,3.47,3.5,147,budget,0,7,1,284
P003544,Clothing,51.73,4.07,3.5,14,premium,1,1,0,125
P004508,Clothing,52.72,4.23,3.5,24,premium,0,4,0,153
P003696,Home & Kitchen,17.99,4.05,3.5,35,mid,1,7,1,150
P003272,Sports & Outdoors,82.25,3.95,3.5,20,mid,0,3,0,1763
P000109,Electronics,218.27,4.47,3.5,305,mid,0,5,0,760
P001541,Toys & Games,30.22,4.05,3.5,7,mid,0,3,0,609
P003937,Home & Kitchen,42.01,3.81,3.5,48,premium,0,4,1,505
P001047,Clothing,25.34,4.28,3.5,7,budget,0,1,0,1282
P003926,Books,35.53,3.98,3.5,6,mid,0,4,0,1700
P000630,Toys & Games,35.46,4.07,3.5,12,mid,1,5,0,62
P001064,Sports & Outdoors,96.77,4.28,3.5,95,mid,1,6,1,252
P001786,Health,24.69,4.03,3.5,46,budget,1,4,0,1594
P003809,Food & Grocery,15.7,3.79,3.5,56,premium,0,1,0,236
P001935,Beauty,14.69,4.16,3.5,6,mid,1,7,0,1287
P003160,Clothing,53.13,3.6,3.5,63,premium,0,5,0,137
P000845,Electronics,1246.72,3.66,3.5,40,budget,1,3,0,1635
P003014,Beauty,22.2,3.57,3.49,4,premium,1,7,1,811
P000008,Toys & Games,36.65,4.48,3.49,158,budget,0,1,0,722
P004125,Automotive,37.71,3.69,3.49,36,mid,1,6,0,536
P003691,Electronics,120.39,4.27,3.49,1,mid,1,2,0,1226
P000522,Home & Kitchen,45.61,4.03,3.49,6,mid,1,5,0,209
P002193,Beauty,49.84,3.89,3.49,16,mid,0,7,0,1753
P002718,Automotive,74.38,3.9,3.49,82,premium,1,4,0,69
P001754,Toys & Games,24.37,3.8,3.49,15,mid,1,3,0,1316
P001741,Clothing,31.58,3.7,3.49,27,mid,1,0,0,254
P001355,Health,112.46,3.54,3.49,53,premium,0,6,1,1349
P003316,Electronics,359.23,3.89,3.49,24,mid,1,6,1,567
P004175,Toys & Games,42.36,3.93,3.49,30,premium,1,7,1,196
P003053,Sports & Outdoors,24.33,3.76,3.49,50,mid,1,4,1,631
P000775,Electronics,265.34,4.18,3.49,74,mid,0,6,0,1654
P000791,Clothing,61.58,3.38,3.49,48,mid,1,7,0,37
P003060,Clothing,64.24,3.52,3.49,26,mid,1,2,0,631
P000771,Clothing,46.21,3.77,3.49,1,premium,1,3,1,37
P000677,Food & Grocery,24.28,3.93,3.49,49,mid,1,7,0,1747
P003128,Electronics,196.33,3.68,3.49,58,mid,1,1,0,583
P004288,Clothing,26.58,4.02,3.49,578,premium,1,3,0,598
P002607,Sports & Outdoors,79.63,3.53,3.48,70,premium,1,0,0,744
P002625,Books,17.42,3.78,3.48,173,premium,1,5,0,614
P004312,Toys & Games,23.09,3.75,3.48,225,budget,0,5,0,826
P001720,Toys & Games,17.48,3.43,3.48,47,mid,1,2,0,905
P001946,Food & Grocery,25.92,3.32,3.48,4,budget,1,4,1,1601
P004597,Home & Kitchen,46.83,3.58,3.48,33,mid,1,4,0,414
P003727,Automotive,38.7,3.87,3.48,12,budget,0,6,0,834
P001758,Automotive,61.84,3.66,3.48,98,premium,1,2,0,344
P000428,Health,41.2,4.33,3.48,28,premium,1,0,1,1586
P004025,Toys & Games,44.92,3.84,3.48,5,budget,0,4,0,71
P001227,Home & Kitchen,61.07,3.7,3.48,8,premium,0,0,0,237
P000466,Beauty,26.68,4.08,3.48,29,mid,1,0,0,1113
P000231,Electronics,266.57,4.51,3.48,38,premium,0,3,1,1411
P000202,Automotive,41.56,4.26,3.48,157,budget,0,2,0,814
P001459,Food & Grocery,9.72,3.95,3.48,11,premium,0,3,0,822
P001417,Books,5.86,3.88,3.48,5,budget,1,7,1,238
P002129,Electronics,71.7,3.38,3.48,19,mid,1,4,0,1077
P003938,Sports & Outdoors,61.64,4.16,3.48,11,premium,0,5,0,530
P001432,Sports & Outdoors,91.32,4.11,3.48,249,mid,0,7,0,42
P004931,Beauty,10.43,3.75,3.48,84,budget,1,0,0,1120
P001548,Beauty,49.95,3.84,3.48,14,mid,1,1,0,1347
P000888,Electronics,138.11,4.03,3.47,6,mid,0,0,0,695
P002496,Books,15.92,4.16,3.47,170,budget,0,5,0,473
P000141,Books,30.58,4.08,3.47,28,mid,1,6,0,765
P003525,Books,26.3,3.61,3.47,14,mid,0,4,0,1311
P002908,Electronics,162.12,3.7,3.47,241,mid,1,7,0,1336
P002117,Clothing,86.15,3.69,3.47,1,mid,1,7,0,1784
P001202,Books,11.06,3.46,3.47,18,budget,1,2,0,1162
P001902,Electronics,369.92,3.21,3.47,146,mid,0,3,1,1147
P000565,Sports & Outdoors,62.97,3.65,3.47,20,premium,1,1,0,303
P004345,Beauty,16.12,4.1,3.47,111,mid,1,1,0,1222
P001123,Toys & Games,30.99,4.02,3.47,115,budget,0,2,0,411
P001308,Sports & Outdoors,74.58,3.64,3.47,30,mid,1,0,1,1402
P003322,Home & Kitchen,68.59,3.57,3.47,14,budget,0,7,0,201
P003435,Electronics,114.0,3.9,3.47,57,budget,0,6,1,949
P004266,Books,34.48,3.73,3.47,4,mid,1,6,0,1174
P002948,Toys & Games,47.92,4.2,3.47,6,mid,0,4,0,302
P000233,Automotive,65.14,3.87,3.47,0,mid,1,7,0,402
P002857,Sports & Outdoors,36.16,4.35,3.46,127,budget,1,6,1,1350
P004369,Electronics,168.15,3.6,3.46,41,mid,1,2,0,1024
P002015,Home & Kitchen,96.75,3.4,3.46,3,budget,1,4,0,1015
P000484,Clothing,142.71,4.0,3.46,175,budget,0,5,0,772
P004207,Clothing,55.32,3.98,3.46,544,budget,0,6,0,1388
P003026,Electronics,118.46,3.92,3.46,61,budget,0,7,0,1427
P002069,Clothing,70.97,3.78,3.46,13,budget,0,7,0,1574
P002300,Beauty,40.6,4.14,3.46,703,mid,1,7,0,166
P000025,Toys & Games,35.71,3.72,3.46,94,mid,1,3,0,479
P004137,Books,15.97,3.8,3.46,21,budget,1,4,0,359
P004505,Electronics,197.47,4.19,3.46,8,mid,1,4,0,476
P002986,Clothing,21.53,3.78,3.46,58,premium,0,0,0,776
P000759,Electronics,369.02,3.84,3.46,20,mid,1,7,0,667
P002127,Clothing,68.78,3.92,3.46,5,mid,0,2,0,1323
P001020,Home & Kitchen,71.35,3.99,3.46,78,budget,1,5,0,642
P002781,Electronics,212.47,3.73,3.46,32,premium,0,4,1,827
P000912,Health,74.71,4.14,3.45,46,budget,0,5,0,836
P001612,Toys & Games,58.68,4.27,3.45,38,budget,0,7,0,1132
P002569,Sports & Outdoors,137.39,3.71,3.45,84,mid,0,5,0,123
P000486,Home & Kitchen,65.52,3.54,3.45,312,premium,0,6,0,1325
P001228,Home & Kitchen,46.99,4.22,3.45,60,budget,1,7,0,974
P002843,Home & Kitchen,60.93,4.13,3.45,13,mid,0,7,0,1341
P004147,Electronics,97.28,3.95,3.45,8,mid,1,7,0,569
P003527,Electronics,289.08,3.58,3.45,124,mid,0,5,0,1242
P001888,Clothing,138.38,3.98,3.45,8,premium,1,3,0,789
P004097,Sports & Outdoors,174.48,3.86,3.45,31,mid,1,3,0,74
P000360,Sports & Outdoors,41.79,4.23,3.45,10,mid,1,4,0,1541
P002637,Home & Kitchen,50.78,3.57,3.45,12,budget,0,3,0,921
P000307,Home & Kitchen,63.1,4.28,3.45,68,mid,0,6,0,1082
P001703,Home & Kitchen,42.07,4.19,3.45,80,budget,0,3,0,63
P000702,Clothing,56.78,3.42,3.45,8,budget,1,0,0,168
P000060,Electronics,281.51,3.76,3.45,20,budget,1,6,0,1168
P001213,Books,8.3,3.96,3.45,27,premium,0,0,0,655
P004635,Sports & Outdoors,54.53,3.31,3.45,9,budget,0,0,0,218
P004568,Electronics,110.32,4.25,3.45,35,mid,1,6,0,431
P002004,Sports & Outdoors,104.74,4.12,3.45,11,mid,0,5,0,1154
P001394,Electronics,255.3,3.62,3.45,206,mid,0,2,0,313
P000221,Clothing,24.37,3.53,3.44,31,premium,1,2,0,1091
P003010,Beauty,12.21,4.42,3.44,100,mid,0,4,0,340
P004795,Clothing,256.2,3.37,3.44,19,budget,0,3,0,77
P004785,Automotive,54.82,4.0,3.44,173,mid,0,2,0,1276
P003706,Electronics,172.82,3.88,3.44,181,budget,0,2,0,684
P002045,Automotive,140.47,3.4,3.44,30,mid,1,1,0,1283
P002928,Sports & Outdoors,30.51,4.05,3.44,14,budget,1,6,1,1127
P003869,Sports & Outdoors,81.05,4.17,3.44,3,mid,1,5,1,506
P001648,Toys & Games,55.56,4.33,3.44,14,mid,0,6,0,1784
P003802,Clothing,49.32,3.96,3.44,27,premium,1,7,1,119
P001939,Clothing,43.54,3.3,3.44,24,mid,1,7,0,1786
P000197,Sports & Outdoors,66.54,3.73,3.44,51,budget,1,7,1,1181
P001924,Home & Kitchen,51.08,2.98,3.44,17,mid,0,2,0,944
P000339,Electronics,379.27,4.13,3.44,22,mid,0,2,0,792
P000666,Beauty,26.93,3.84,3.44,50,premium,0,6,0,785
P002783,Sports & Outdoors,111.64,3.61,3.44,514,premium,1,3,0,1684
P004303,Automotive,57.13,3.51,3.44,53,premium,1,3,1,519
P003554,Books,11.81,3.41,3.44,18,mid,0,7,0,1285
P003106,Beauty,34.71,3.83,3.44,649,mid,1,2,1,504
P002627,Books,11.64,3.15,3.44,16,mid,0,6,0,1767
P001344,Books,18.22,3.43,3.44,130,budget,0,1,1,1135
P001665,Food & Grocery,41.41,4.42,3.44,83,premium,0,6,1,1459
P000708,Toys & Games,22.81,3.71,3.44,28,mid,0,0,0,459
P001377,Sports & Outdoors,113.33,4.17,3.44,11,budget,1,4,0,298
P001681,Beauty,25.35,3.66,3.44,586,mid,1,2,0,1690
P002195,Sports & Outdoors,66.93,4.56,3.44,13,budget,1,0,0,496
P000515,Clothing,27.37,3.51,3.44,15,mid,0,0,0,138
P003280,Electronics,188.97,3.61,3.44,1,premium,1,6,0,697
P004725,Electronics,197.41,3.42,3.44,26,budget,0,7,0,1266
P000151,Toys & Games,10.32,3.88,3.44,10,mid,0,6,0,1392
P001552,Home & Kitchen,31.97,4.16,3.43,26,mid,0,3,0,69
P002608,Clothing,59.49,4.33,3.43,36,premium,1,3,0,163
P003659,Health,128.35,3.62,3.43,34,mid,0,2,0,1143
P001342,Toys & Games,78.01,4.0,3.43,14,budget,0,4,0,756
P002097,Electronics,60.35,4.08,3.43,23,budget,0,4,0,167
P003783,Food & Grocery,26.24,3.32,3.43,11,mid,0,3,0,638
P000242,Toys & Games,35.46,4.16,3.43,22,mid,0,0,0,871
P001956,Automotive,95.32,3.81,3.43,6,mid,0,6,0,187
P000250,Home & Kitchen,64.42,3.89,3.43,81,mid,0,2,0,1726
P000511,Electronics,157.57,3.89,3.43,33,mid,0,5,0,804
P002210,Electronics,305.84,4.15,3.43,64,budget,0,2,0,425
P002082,Clothing,10.95,4.16,3.43,61,mid,1,7,0,583
P001712,Home & Kitchen,69.22,3.53,3.43,46,budget,1,4,0,1194
P000380,Beauty,11.47,3.89,3.43,8,mid,0,2,0,1406
P002739,Beauty,46.13,4.22,3.43,15,mid,1,5,0,319
P002372,Clothing,25.16,3.44,3.43,15,budget,1,3,0,1461
P003870,Home & Kitchen,54.02,3.48,3.43,11,mid,1,2,0,1328
P004871,Home & Kitchen,71.83,3.29,3.43,16,budget,1,3,0,1160
P001041,Electronics,155.07,3.94,3.43,18,mid,1,5,1,787
P000687,Home & Kitchen,74.65,3.88,3.43,6,mid,1,7,0,1128
P001076,Clothing,39.75,3.86,3.43,93,budget,1,7,0,1460
P004297,Home & Kitchen,63.28,3.45,3.43,85,mid,0,5,0,1449
P001591,Clothing,107.88,3.93,3.43,125,mid,1,3,0,802
P001819,Books,13.61,4.11,3.43,44,premium,1,4,0,771
P004824,Beauty,39.97,3.83,3.43,40,mid,0,5,0,1103
P002998,Clothing,35.16,3.7,3.42,707,budget,1,5,0,1612
P000338,Beauty,17.51,4.45,3.42,24,budget,0,2,0,363
P004846,Clothing,32.6,4.12,3.42,7,budget,0,1,0,1315
P000194,Toys & Games,100.89,3.77,3.42,9,mid,1,6,0,1060
P002371,Home & Kitchen,40.71,3.7,3.42,26,mid,0,0,0,1421
P003811,Books,25.68,4.29,3.42,103,premium,0,5,0,1349
P000420,Food & Grocery,31.91,3.83,3.42,6,mid,0,1,0,442
P001685,Electronics,141.14,3.61,3.42,11,mid,0,3,0,286
P000052,Electronics,278.81,3.9,3.42,4,budget,0,0,0,1427
P000374,Clothing,125.51,3.83,3.42,45,mid,1,2,0,820
P000707,Toys & Games,35.18,3.92,3.42,398,premium,0,3,0,1513
P000895,Beauty,54.51,3.67,3.42,23,premium,0,6,1,351
P004937,Home & Kitchen,71.64,3.82,3.42,50,premium,0,7,0,591
P003876,Home & Kitchen,92.35,4.08,3.42,16,mid,1,1,0,1732
P001575,Electronics,225.74,3.76,3.42,21,mid,1,7,0,176
P000075,Electronics,62.0,4.21,3.42,67,premium,1,5,1,254
P004603,Automotive,51.96,3.56,3.42,173,budget,1,1,0,887
P002701,Beauty,27.67,4.28,3.42,38,mid,0,3,0,1462
P000349,Sports & Outdoors,55.1,3.84,3.42,31,premium,0,7,0,983
P002636,Home & Kitchen,97.87,3.52,3.42,31,budget,1,0,0,1681
P004559,Electronics,146.14,4.18,3.41,11,premium,1,4,0,118
P004751,Clothing,138.2,3.65,3.41,16,mid,0,0,1,842
P000495,Toys & Games,22.01,2.91,3.41,20,premium,1,3,1,595
P002930,Beauty,29.99,3.7,3.41,33,budget,1,5,0,229
P001441,Clothing,80.87,3.86,3.41,57,mid,0,0,1,1071
P001503,Home & Kitchen,32.15,4.09,3.41,23,mid,0,1,0,254
P003463,Electronics,181.55,3.46,3.41,75,mid,1,0,0,1047
P000185,Toys & Games,28.07,3.86,3.41,25,budget,1,0,0,1486
P002801,Automotive,47.83,3.67,3.41,5,budget,0,0,0,1269
P004251,Home & Kitchen,97.42,3.65,3.41,36,mid,0,6,1,1118
P004294,Sports & Outdoors,73.44,3.86,3.41,72,premium,0,6,0,1753
P003321,Electronics,190.79,3.65,3.41,428,premium,1,3,0,454
P002647,Beauty,68.45,3.99,3.41,99,mid,1,6,1,911
P003693,Electronics,243.08,4.05,3.41,264,mid,1,6,1,1773
P000304,Books,17.36,3.7,3.41,10,budget,1,2,0,1715
P001057,Food & Grocery,10.96,4.22,3.41,97,mid,0,3,1,1064
P004120,Books,42.64,4.03,3.41,201,mid,1,1,0,706
P001256,Health,59.1,4.0,3.41,21,premium,0,2,1,575
P003923,Home & Kitchen,89.74,3.74,3.41,1,mid,1,1,0,1315
P002510,Sports & Outdoors,28.03,3.45,3.41,4,budget,0,4,0,527
P001609,Home & Kitchen,54.07,3.51,3.4,12,mid,0,2,0,1512
P003378,Food & Grocery,31.04,3.22,3.4,88,premium,0,0,0,244
P003535,Beauty,16.17,3.27,3.4,158,mid,1,4,0,339
P004343,Books,17.64,3.93,3.4,686,mid,1,6,0,1687
P003861,Home & Kitchen,76.67,3.48,3.4,20,mid,1,5,0,1187
P004870,Sports & Outdoors,64.88,3.4,3.4,1,budget,1,7,0,455
P001445,Clothing,33.28,4.06,3.4,81,budget,0,6,0,738
P003785,Books,25.84,3.57,3.4,20,mid,1,3,0,150
P003174,Automotive,85.33,3.7,3.4,15,premium,1,3,0,1160
P000167,Toys & Games,72.91,3.8,3.4,12,premium,0,0,0,506
P000576,Books,11.65,3.93,3.4,52,budget,0,3,0,429
P000787,Toys & Games,30.22,3.47,3.4,8,mid,1,4,0,676
P002108,Automotive,38.48,3.92,3.4,22,budget,0,7,0,369
P000601,Home & Kitchen,30.45,3.34,3.4,38,premium,1,7,0,1616
P004872,Clothing,38.48,3.97,3.4,84,mid,1,2,0,746
P002616,Books,9.39,4.11,3.4,55,mid,1,7,0,1726
P004015,Books,27.58,3.99,3.4,26,budget,0,7,0,271
P000356,Books,12.36,4.24,3.4,4,budget,1,1,0,305
P002205,Clothing,76.1,3.3,3.4,29,budget,0,0,0,1703
P001410,Beauty,29.28,3.28,3.4,483,mid,1,4,0,605
P001512,Clothing,43.14,3.54,3.4,29,mid,0,6,0,1654
P002500,Books,8.02,4.11,3.4,36,mid,0,7,0,985
P004545,Home & Kitchen,86.2,3.85,3.4,40,budget,1,1,0,506
P002138,Toys & Games,77.67,4.17,3.39,177,mid,1,5,0,312
P004242,Toys & Games,40.63,3.74,3.39,27,budget,1,2,0,293
P003899,Electronics,92.71,3.7,3.39,10,mid,0,2,0,1107
P002091,Home & Kitchen,105.59,3.7,3.39,298,budget,1,0,0,958
P000658,Clothing,26.31,4.14,3.39,50,mid,1,4,0,1532
P004420,Books,10.36,3.83,3.39,21,mid,1,2,1,429
P000573,Books,10.68,3.72,3.39,48,budget,0,4,0,1399
P004636,Electronics,140.76,3.94,3.39,123,mid,0,6,0,370
P003291,Home & Kitchen,42.97,4.15,3.39,17,budget,1,0,0,131
P004670,Clothing,27.54,3.8,3.39,33,mid,0,2,0,1140
P004019,Electronics,403.57,3.6,3.39,116,budget,0,6,0,1439
P001278,Electronics,68.29,3.63,3.39,12,mid,1,2,1,467
P002671,Sports & Outdoors,86.23,3.58,3.39,21,premium,1,3,0,1235
P003995,Clothing,62.59,3.77,3.39,36,premium,0,2,0,191
P001043,Sports & Outdoors,181.06,4.01,3.39,11,premium,1,4,0,1390
P000599,Automotive,109.81,3.38,3.39,56,mid,0,7,1,1458
P003286,Sports & Outdoors,241.39,3.79,3.39,35,budget,0,6,0,1263
P001773,Sports & Outdoors,48.9,3.63,3.39,18,mid,1,0,0,257
P004764,Books,12.81,3.67,3.39,39,mid,0,4,0,1308
P000471,Home & Kitchen,54.02,3.63,3.38,75,budget,0,1,0,603
P001672,Sports & Outdoors,65.22,3.55,3.38,5,budget,0,5,0,452
P000284,Clothing,118.68,3.62,3.38,4,budget,1,5,0,1318
P004488,Electronics,291.76,3.91,3.38,14,mid,0,7,0,193
P000659,Sports & Outdoors,17.26,3.68,3.38,7,mid,1,2,0,1796
P002980,Health,33.02,4.19,3.38,8,budget,1,4,0,173
P004862,Health,112.86,3.7,3.38,26,mid,1,6,0,707
P001865,Sports & Outdoors,157.99,3.61,3.38,16,budget,1,2,0,1568
P002118,Electronics,153.59,4.53,3.38,7,mid,1,1,1,593
P001893,Books,62.37,3.84,3.38,148,mid,0,2,0,1701
P001617,Electronics,56.64,4.04,3.38,9,mid,1,7,0,453
P001689,Sports & Outdoors,35.44,3.57,3.38,9,mid,1,7,0,429
P004324,Electronics,153.66,4.05,3.38,10,budget,0,5,0,1543
P004919,Food & Grocery,22.27,4.07,3.38,233,budget,1,0,0,1592
P004133,Home & Kitchen,29.66,3.88,3.38,32,mid,0,7,0,323
P001998,Clothing,26.61,4.13,3.38,46,mid,0,2,0,1242
P001627,Home & Kitchen,98.65,3.76,3.38,9,budget,0,4,0,1281
P000172,Books,23.15,3.98,3.38,67,mid,0,1,0,1311
P001079,Sports & Outdoors,103.83,3.87,3.38,8,budget,1,1,0,336
P000628,Electronics,135.95,3.75,3.38,16,mid,0,2,0,1618
P002211,Automotive,73.13,3.85,3.38,4,budget,0,2,0,363
P003029,Sports & Outdoors,27.88,3.63,3.38,18,budget,1,2,0,752
P003046,Automotive,60.71,3.48,3.38,12,premium,1,5,0,1345
P000171,Clothing,82.96,3.92,3.37,22,mid,0,6,0,1748
P004166,Clothing,47.71,3.63,3.37,56,mid,1,3,0,767
P004446,Home & Kitchen,202.23,3.59,3.37,5,mid,0,6,0,1557
P003829,Food & Grocery,31.02,4.02,3.37,93,premium,0,3,0,1575
P002931,Sports & Outdoors,81.51,3.87,3.37,33,mid,1,1,0,1695
P004226,Health,23.13,4.24,3.37,4,budget,1,0,0,501
P002377,Health,31.63,3.97,3.37,50,premium,0,3,0,1286
P004968,Clothing,99.14,3.65,3.37,80,budget,1,7,0,1082
P001451,Toys & Games,36.95,3.75,3.37,57,mid,1,3,0,1641
P002791,Toys & Games,115.74,4.24,3.37,31,mid,1,2,0,45
P003066,Home & Kitchen,50.49,3.07,3.37,94,mid,1,2,0,1699
P004376,Electronics,106.19,3.69,3.37,12,mid,1,5,0,248
P003216,Beauty,12.85,4.14,3.37,12,premium,1,7,0,341
P004141,Home & Kitchen,38.98,3.64,3.37,27,budget,0,7,0,1515
P000414,Health,46.57,3.86,3.37,40,mid,0,4,0,169
P001258,Toys & Games,16.95,4.14,3.37,155,mid,0,2,0,893
P002239,Home & Kitchen,27.68,3.89,3.37,44,budget,1,2,0,1027
P003574,Home & Kitchen,29.65,3.52,3.37,19,mid,0,4,0,913
P003219,Clothing,32.65,4.25,3.37,20,mid,1,2,0,309
P002960,Food & Grocery,25.93,4.22,3.37,12,mid,0,1,0,1783
P004110,Books,9.9,3.47,3.37,28,budget,0,0,1,1112
P004794,Food & Grocery,21.94,3.23,3.37,9,mid,1,5,0,1509
P002712,Clothing,25.34,3.18,3.37,69,budget,1,0,0,470
P004592,Books,26.64,3.68,3.37,15,premium,0,2,0,1693
P004595,Clothing,88.87,3.75,3.37,94,mid,1,3,0,799
P000375,Electronics,449.15,3.64,3.37,244,mid,1,6,0,1233
P000726,Electronics,175.49,3.81,3.37,11,mid,0,1,0,1301
P001359,Beauty,12.71,4.02,3.37,38,budget,1,2,0,692
P001555,Clothing,113.27,4.5,3.37,29,budget,0,2,0,1433
P003456,Toys & Games,68.79,3.93,3.36,1277,budget,1,1,0,326
P004985,Clothing,61.28,3.44,3.36,42,budget,0,5,0,377
P001739,Books,17.65,3.6,3.36,23,mid,1,0,0,1033
P002686,Beauty,20.84,3.92,3.36,19,mid,0,0,0,581
P000291,Toys & Games,122.1,3.75,3.36,64,mid,1,2,1,736
P001677,Beauty,29.1,3.65,3.36,19,budget,1,1,1,467
P001641,Beauty,31.93,3.69,3.36,49,premium,1,1,0,1288
P002597,Electronics,270.88,3.71,3.36,26,mid,1,0,0,1107
P003670,Books,19.07,4.37,3.36,6,budget,1,5,1,1080
P000427,Clothing,132.82,3.69,3.36,25,premium,0,5,0,1656
P001729,Electronics,178.67,3.93,3.36,18,mid,1,4,0,837
P001393,Electronics,54.78,3.6,3.36,122,premium,0,0,1,927
P003007,Sports & Outdoors,26.81,3.24,3.36,16,premium,1,7,0,1644
P003685,Clothing,51.12,3.9,3.36,222,mid,1,3,0,272
P004000,Clothing,34.01,4.04,3.36,50,budget,0,2,0,92
P001863,Automotive,181.53,3.78,3.36,1,budget,1,6,0,325
P004929,Beauty,47.9,3.43,3.36,38,budget,1,6,0,37
P000999,Automotive,50.87,3.5,3.36,88,premium,1,1,1,632
P000752,Clothing,13.59,3.26,3.36,4,mid,1,0,0,725
P003966,Electronics,402.48,4.17,3.36,149,mid,1,7,0,772
P003140,Home & Kitchen,140.21,3.49,3.36,50,mid,1,1,0,517
P002975,Books,6.52,3.83,3.36,17,mid,1,7,0,1256
P000995,Food & Grocery,22.3,4.34,3.36,113,budget,1,0,1,860
P001456,Electronics,70.0,3.74,3.36,155,premium,0,0,0,1023
P002005,Electronics,147.43,3.67,3.35,34,mid,0,0,0,1285
P001124,Electronics,310.69,3.48,3.35,28,budget,1,6,0,1178
P003031,Toys & Games,6.99,3.68,3.35,34,premium,1,2,0,1713
P003226,Toys & Games,31.07,3.5,3.35,46,premium,0,3,0,1760
P000975,Clothing,18.8,3.6,3.35,1155,premium,1,6,1,477
P001209,Clothing,68.96,4.62,3.35,14,budget,1,2,0,446
P004399,Electronics,103.71,3.82,3.35,168,budget,0,5,0,1732
P000071,Clothing,74.68,3.9,3.35,92,budget,1,5,0,1511
P004642,Electronics,131.0,3.82,3.35,72,mid,0,1,0,1450
P000868,Toys & Games,10.75,3.86,3.35,92,mid,0,2,0,1034
P004041,Home & Kitchen,28.52,3.68,3.35,2,premium,0,1,0,1630
P001089,Books,17.11,3.67,3.35,38,premium,0,1,1,1244
P003496,Toys & Games,28.93,4.07,3.35,16,budget,1,1,0,1426
P001093,Clothing,50.02,3.62,3.35,159,premium,0,2,0,1192
P004128,Home & Kitchen,73.53,3.75,3.34,76,premium,0,5,0,186
P004698,Home & Kitchen,80.86,3.58,3.34,88,mid,0,2,0,361
P001531,Clothing,30.5,3.63,3.34,8,budget,1,2,0,1591
P000930,Beauty,19.98,3.9,3.34,6,mid,1,7,0,1507
P004326,Books,13.6,4.16,3.34,145,budget,0,6,0,1792
P000918,Electronics,723.39,3.68,3.34,312,mid,1,4,0,415
P001470,Electronics,271.84,3.79,3.34,18,mid,0,3,1,1461
P001174,Beauty,13.65,3.66,3.34,20,budget,0,1,0,42
P002792,Electronics,209.8,3.78,3.34,90,premium,1,4,0,145
P004056,Health,100.07,3.4,3.34,53,budget,1,5,0,940
P003768,Clothing,41.6,3.31,3.34,15,mid,0,3,0,1280
P000567,Toys & Games,20.93,3.67,3.34,74,premium,1,2,1,582
P002752,Beauty,51.89,3.74,3.34,6,premium,1,7,0,916
P000840,Books,33.52,2.97,3.34,254,mid,1,7,0,45
P003739,Toys & Games,3.85,4.03,3.34,27,budget,0,4,0,1007
P002338,Home & Kitchen,21.52,3.66,3.34,46,mid,1,4,0,712
P001781,Electronics,62.43,4.42,3.34,56,mid,0,6,0,476
P003584,Beauty,12.51,3.89,3.34,13,budget,0,1,0,745
P002314,Clothing,82.77,3.67,3.34,121,mid,1,1,0,464
P004571,Clothing,26.45,3.73,3.34,44,premium,1,5,0,175
P002944,Electronics,202.88,3.49,3.34,12,premium,0,1,0,1166
P003608,Clothing,41.93,3.49,3.34,79,budget,1,7,0,1634
P003891,Electronics,184.81,3.61,3.34,96,mid,1,4,0,1410
P001406,Clothing,53.29,3.5,3.34,353,mid,0,5,0,1717
P003166,Beauty,20.47,3.08,3.33,116,budget,1,1,0,474
P001709,Health,45.09,3.75,3.33,111,premium,1,6,0,776
P000984,Home & Kitchen,29.52,3.52,3.33,13,mid,0,0,0,1582
P000281,Electronics,51.94,3.51,3.33,53,mid,1,6,0,1058
P001542,Clothing,44.04,4.31,3.33,45,mid,1,7,0,767
P003424,Home & Kitchen,77.26,3.49,3.33,28,premium,1,7,0,287
P004965,Clothing,62.21,2.78,3.33,133,premium,0,5,0,1067
P002397,Clothing,31.59,3.29,3.33,1,budget,1,0,0,107
P003311,Food & Grocery,24.81,3.56,3.33,6,premium,1,3,0,637
P004885,Health,73.62,4.02,3.33,14,budget,1,5,1,1384
P001737,Health,53.91,3.67,3.33,42,premium,1,0,1,243
P001489,Health,20.8,4.4,3.33,9,mid,1,7,0,1542
P003100,Electronics,292.6,3.89,3.33,7,budget,0,5,1,1176
P000762,Electronics,144.51,3.88,3.33,0,premium,1,3,1,181
P003507,Books,21.96,4.43,3.33,2,mid,1,3,0,1211
P004230,Clothing,49.99,4.03,3.33,126,budget,0,6,0,618
P001179,Clothing,23.94,3.93,3.33,121,mid,1,7,0,1750
P003932,Sports & Outdoors,47.51,3.6,3.33,21,premium,1,3,0,1291
P000667,Toys & Games,87.17,3.97,3.33,28,premium,0,6,0,1425
P001193,Health,17.09,3.58,3.33,77,budget,1,6,0,191
P001371,Electronics,213.8,3.73,3.33,44,premium,0,6,0,1523
P000439,Beauty,62.19,3.52,3.33,12,mid,0,3,0,603
P004515,Electronics,328.8,3.7,3.33,36,mid,0,2,0,1633
P004428,Electronics,171.17,3.55,3.33,55,mid,1,0,0,565
P002385,Electronics,143.77,3.6,3.33,14,budget,1,7,0,1020
P001650,Toys & Games,68.61,3.89,3.33,7,mid,1,4,0,76
P001551,Electronics,158.06,3.69,3.32,140,premium,1,1,0,1596
P001721,Electronics,395.41,4.1,3.32,217,premium,1,0,0,609
P000319,Clothing,22.28,4.06,3.32,25,premium,0,7,0,1418
P003343,Electronics,127.6,3.42,3.32,66,budget,0,0,0,772
P001376,Electronics,211.03,3.86,3.32,32,premium,1,7,0,683
P004643,Home & Kitchen,44.06,3.73,3.32,20,mid,0,2,1,1464
P001238,Home & Kitchen,25.01,3.81,3.32,99,mid,1,4,0,1164
P002339,Books,14.4,3.64,3.32,145,budget,1,6,1,1626
P003798,Toys & Games,5.79,3.39,3.32,10,mid,1,1,1,1600
P004452,Automotive,53.94,4.11,3.32,251,mid,0,5,0,440
P003751,Electronics,428.65,3.73,3.32,103,mid,1,6,0,1197
P002822,Beauty,20.61,3.33,3.32,17,premium,0,5,0,1123
P003049,Food & Grocery,13.77,4.01,3.32,41,budget,0,3,1,1554
P003509,Beauty,71.64,4.01,3.32,19,budget,1,3,1,1065
P001032,Beauty,74.21,3.95,3.32,10,mid,1,4,0,1022
P004926,Home & Kitchen,67.78,3.34,3.32,15,budget,0,5,0,1124
P004084,Clothing,42.82,3.99,3.32,176,budget,0,7,0,241
P002757,Health,37.02,4.04,3.31,7,budget,1,3,0,1637
P002163,Home & Kitchen,109.67,3.8,3.31,55,budget,0,7,0,1200
P003997,Electronics,99.52,3.47,3.31,9,mid,0,0,0,126
P001590,Electronics,876.98,4.21,3.31,106,budget,0,7,1,1717
P002827,Home & Kitchen,43.0,3.57,3.31,60,budget,1,7,0,1371
P001013,Home & Kitchen,153.07,3.87,3.31,27,mid,0,6,0,1175
P001494,Toys & Games,24.42,3.9,3.31,71,mid,0,2,0,182
P004517,Home & Kitchen,59.5,3.36,3.31,17,budget,1,7,0,603
P000564,Sports & Outdoors,100.59,3.58,3.31,23,mid,1,6,0,1252
P001899,Electronics,174.77,3.82,3.31,20,budget,1,5,0,1592
P000681,Electronics,82.63,3.26,3.31,1089,mid,1,4,0,421
P004664,Electronics,185.07,3.66,3.31,33,mid,0,5,0,1357
P002456,Books,16.38,3.97,3.31,3,mid,1,2,0,350
P004945,Books,18.99,3.82,3.31,31,budget,0,0,1,648
P004208,Electronics,130.87,3.51,3.31,6,budget,0,5,0,346
P002917,Clothing,21.95,3.94,3.31,100,mid,0,5,0,106
P003086,Clothing,105.94,3.6,3.31,51,budget,0,6,1,779
P003192,Electronics,492.25,4.06,3.31,5,mid,0,4,0,1211
P002885,Books,24.0,3.55,3.31,2,budget,1,2,0,1505
P001349,Home & Kitchen,94.03,3.72,3.31,70,mid,1,7,0,1636
P001293,Books,5.94,4.4,3.31,162,mid,1,6,1,1359
P003633,Sports & Outdoors,52.05,3.74,3.31,2,mid,0,7,1,1547
P003000,Electronics,113.6,3.74,3.31,50,mid,1,5,0,900
P002010,Beauty,27.4,3.7,3.31,107,mid,0,2,0,1412
P000135,Sports & Outdoors,177.51,4.05,3.31,59,mid,0,0,1,1293
P004053,Books,7.69,4.33,3.31,17,mid,0,0,0,1194
P002536,Sports & Outdoors,22.74,2.98,3.31,33,budget,0,7,1,204
P002912,Electronics,140.76,4.09,3.31,104,mid,1,0,0,1643
P001517,Electronics,158.92,3.58,3.3,107,premium,1,7,0,866
P003863,Beauty,28.14,3.86,3.3,8,mid,1,1,0,712
P002432,Beauty,16.75,3.99,3.3,14,budget,0,3,0,69
P004543,Automotive,61.68,3.16,3.3,55,mid,0,1,0,1200
P001450,Clothing,82.75,3.16,3.3,44,budget,1,7,0,1764
P000523,Electronics,286.93,3.46,3.3,163,mid,0,3,0,521
P004353,Sports & Outdoors,69.88,3.97,3.3,59,mid,1,4,0,1470
P003451,Beauty,47.03,2.99,3.3,98,budget,1,7,1,533
P001099,Health,27.08,3.31,3.3,19,mid,0,5,0,262
P001465,Sports & Outdoors,40.11,3.49,3.3,73,budget,1,7,1,1154
P001203,Toys & Games,8.53,4.4,3.3,67,premium,0,1,0,881
P003352,Electronics,242.67,3.25,3.3,67,premium,1,3,0,363
P004049,Home & Kitchen,41.17,3.96,3.3,28,budget,1,2,0,1666
P003342,Toys & Games,15.08,3.46,3.3,141,mid,0,6,0,772
P004009,Electronics,133.1,3.48,3.3,14,mid,1,5,1,897
P003165,Sports & Outdoors,18.8,3.74,3.3,49,budget,0,3,0,158
P003209,Electronics,267.45,3.59,3.3,100,mid,1,5,1,1490
P000854,Food & Grocery,50.07,3.61,3.3,47,mid,1,1,0,719
P001789,Health,61.85,4.15,3.3,27,premium,1,2,1,520
P000693,Clothing,36.62,4.51,3.3,12,budget,1,0,0,1371
P000234,Sports & Outdoors,65.41,3.31,3.3,63,mid,1,1,1,1487
P001894,Electronics,188.33,3.97,3.3,15,premium,1,4,0,634
P003019,Clothing,72.55,4.1,3.3,15,mid,1,1,0,170
P001246,Clothing,37.9,3.18,3.3,39,mid,0,4,0,32
P002753,Toys & Games,10.58,3.48,3.3,20,mid,0,4,1,1215
P000715,Toys & Games,40.51,3.8,3.3,6,budget,1,6,0,980
P004918,Sports & Outdoors,92.04,3.24,3.29,31,mid,0,5,0,1290
P003849,Clothing,30.24,3.29,3.29,20,mid,0,6,1,850
P003421,Health,29.19,3.72,3.29,40,budget,1,7,1,712
P000516,Electronics,219.81,3.72,3.29,4,budget,1,4,1,1370
P000528,Automotive,28.97,3.82,3.29,48,mid,1,7,0,905
P004472,Clothing,116.81,3.85,3.29,86,budget,0,1,0,1443
P003540,Clothing,83.16,3.27,3.29,15,mid,0,7,0,108
P001187,Home & Kitchen,68.01,4.01,3.29,25,budget,0,5,0,493
P003269,Food & Grocery,19.01,3.29,3.29,13,budget,0,6,1,797
P003157,Electronics,69.69,3.5,3.29,21,premium,0,4,0,1701
P003099,Clothing,31.18,4.0,3.29,55,mid,0,3,0,1218
P002605,Electronics,30.28,4.01,3.29,16,mid,1,4,1,196
P003185,Electronics,256.39,3.17,3.29,29,budget,1,2,0,705
P000004,Beauty,19.21,3.75,3.29,72,mid,0,3,0,1682
P003457,Food & Grocery,20.91,3.92,3.29,167,budget,0,5,0,1764
P003699,Electronics,188.56,4.21,3.29,17,mid,0,7,0,1170
P004593,Beauty,15.02,3.74,3.29,6,mid,0,5,0,1598
P000634,Home & Kitchen,21.82,3.59,3.29,20,mid,1,2,1,116
P000023,Automotive,78.24,4.12,3.29,24,premium,0,6,0,1079
P001878,Clothing,34.27,3.83,3.29,68,premium,0,7,0,1294
P001312,Food & Grocery,19.85,3.38,3.29,20,premium,1,5,0,1082
P000850,Automotive,149.29,3.04,3.29,131,budget,0,3,0,363
P000673,Automotive,68.22,3.58,3.29,72,mid,1,3,0,220
P004198,Health,19.95,3.85,3.29,15,budget,0,3,0,1175
P001958,Electronics,227.89,3.83,3.28,34,mid,0,5,1,356
P004576,Clothing,98.73,3.72,3.28,18,premium,1,4,1,1103
P002201,Electronics,226.4,3.55,3.28,15,budget,0,2,0,264
P003950,Clothing,15.45,3.79,3.28,10,budget,0,6,1,263
P004901,Books,6.0,4.13,3.28,10,budget,0,6,0,308
P004683,Toys & Games,28.68,3.21,3.28,52,mid,0,7,0,119
P003825,Beauty,57.61,3.82,3.28,541,premium,0,1,0,1323
P003464,Clothing,21.58,3.71,3.28,139,budget,0,4,0,165
P004687,Clothing,38.54,3.53,3.28,44,mid,1,3,1,1414
P004287,Health,50.35,2.47,3.28,3,budget,1,5,0,184
P004264,Toys & Games,10.92,4.24,3.28,18,premium,0,0,0,1765
P000720,Food & Grocery,26.16,2.84,3.28,17,budget,1,7,0,212
P000227,Electronics,113.34,3.11,3.28,41,premium,0,6,0,150
P000603,Health,27.6,3.39,3.28,6,premium,0,0,1,1084
P001904,Electronics,92.56,4.02,3.28,237,mid,1,0,0,920
P004414,Electronics,67.4,3.8,3.28,36,budget,0,3,0,152
P002667,Health,98.8,3.62,3.28,67,mid,0,2,0,74
P001942,Home & Kitchen,50.91,3.45,3.28,6,mid,0,6,0,1490
P001761,Clothing,68.55,3.6,3.28,26,premium,1,3,0,1465
P001734,Clothing,43.38,3.66,3.28,8,mid,0,3,1,1224
P002366,Beauty,14.29,3.5,3.28,8,budget,0,0,1,858
P000547,Home & Kitchen,37.76,3.78,3.28,16,mid,1,0,0,401
P004105,Health,43.03,3.17,3.28,6,mid,0,3,1,552
P003233,Books,27.97,3.53,3.28,44,mid,1,6,0,1743
P004234,Toys & Games,42.61,3.44,3.28,144,mid,0,5,0,1343
P001186,Toys & Games,85.75,3.82,3.27,6,mid,1,5,0,1233
P002426,Beauty,27.26,3.69,3.27,66,budget,1,5,0,1042
P002442,Electronics,39.82,3.54,3.27,7,premium,1,4,0,1654
P004741,Clothing,54.14,3.19,3.27,4,mid,1,1,0,1247
P000612,Sports & Outdoors,55.8,3.66,3.27,22,budget,0,5,0,254
P004282,Home & Kitchen,35.41,3.89,3.27,25,budget,1,3,0,155
P004703,Home & Kitchen,28.75,3.2,3.27,7,budget,1,0,0,1763
P002907,Automotive,272.49,3.99,3.27,47,mid,1,5,0,396
P000543,Toys & Games,15.58,3.53,3.27,23,premium,0,0,0,696
P002060,Electronics,164.82,3.48,3.27,266,mid,0,3,1,1220
P002333,Toys & Games,16.26,3.73,3.27,10,premium,1,1,0,422
P004731,Clothing,40.64,2.86,3.27,217,budget,0,5,1,199
P003159,Food & Grocery,9.59,4.28,3.27,21,premium,0,0,0,750
P002046,Electronics,181.68,3.86,3.27,13,budget,1,5,1,1764
P004043,Electronics,267.26,3.61,3.27,16,premium,1,4,0,1535
P004856,Food & Grocery,20.3,3.61,3.27,114,budget,1,5,1,919
P000910,Clothing,29.07,3.36,3.27,13,budget,1,3,1,155
P004510,Clothing,56.71,3.34,3.27,7,budget,1,1,1,1616
P002491,Food & Grocery,32.45,4.05,3.27,19,budget,1,7,0,1454
P003900,Clothing,53.88,4.11,3.27,84,mid,0,7,0,1221
P003989,Automotive,128.21,3.66,3.27,128,mid,0,3,0,1272
P001152,Health,46.79,3.53,3.27,59,mid,0,3,0,1534
P003331,Food & Grocery,47.11,3.73,3.26,188,mid,1,5,0,1352
P002475,Home & Kitchen,56.92,4.16,3.26,53,budget,1,0,0,271
P002871,Sports & Outdoors,32.22,3.56,3.26,106,premium,1,6,0,67
P001142,Toys & Games,30.21,3.9,3.26,63,budget,0,1,0,1296
P003604,Clothing,50.56,3.35,3.26,4,budget,0,7,0,721
P001472,Clothing,56.63,4.03,3.26,3,premium,0,0,1,1560
P000099,Electronics,259.14,3.42,3.26,39,premium,1,5,0,1736
P003815,Home & Kitchen,42.03,3.35,3.26,1,mid,1,2,0,738
P003790,Beauty,21.89,3.65,3.26,29,mid,1,5,0,265
P001460,Home & Kitchen,116.83,3.76,3.26,15,budget,0,2,0,370
P002485,Toys & Games,67.16,4.02,3.26,22,premium,0,1,0,1039
P004367,Home & Kitchen,41.06,3.97,3.26,3,mid,0,0,1,193
P004302,Beauty,10.29,3.63,3.26,159,budget,0,6,0,414
P000124,Home & Kitchen,36.21,4.01,3.26,13,mid,1,3,0,693
P000908,Electronics,255.18,3.57,3.26,15,budget,0,5,0,1099
P002673,Home & Kitchen,82.96,3.2,3.26,54,mid,1,0,0,236
P000372,Clothing,42.45,3.68,3.26,67,mid,1,7,0,1248
P004665,Books,12.31,3.56,3.26,37,mid,1,7,1,225
P003020,Clothing,39.54,3.95,3.26,16,budget,0,4,0,1756
P001251,Electronics,163.02,3.85,3.26,14,premium,1,2,0,774
P003028,Health,53.65,3.62,3.26,10,budget,1,2,0,1754
P004997,Electronics,63.1,3.46,3.26,35,premium,1,1,0,635
P002591,Toys & Games,51.37,3.53,3.25,23,mid,1,7,0,265
P002291,Automotive,219.63,3.7,3.25,17,budget,1,3,0,674
P000240,Electronics,120.99,3.48,3.25,20,budget,0,6,0,564
P003425,Electronics,223.43,3.18,3.25,238,mid,1,4,0,1200
P004557,Toys & Games,20.0,3.79,3.25,49,premium,0,2,0,348
P002413,Home & Kitchen,33.01,3.15,3.25,209,mid,1,5,0,1410
P002763,Electronics,309.82,4.32,3.25,36,budget,0,4,0,1119
P004339,Books,39.0,3.16,3.25,12,budget,0,3,1,1442
P003754,Beauty,17.87,3.65,3.25,4,mid,1,3,1,1275
P000239,Electronics,164.09,3.88,3.25,109,mid,0,4,0,1505
P000629,Books,8.63,3.56,3.25,38,budget,0,0,0,1570
P002942,Clothing,45.45,4.36,3.25,6,premium,1,3,0,337
P000501,Beauty,50.79,3.3,3.25,1,premium,1,0,0,562
P002509,Books,20.33,3.46,3.25,56,premium,0,0,0,273
P004921,Home & Kitchen,26.05,4.03,3.25,15,premium,0,4,0,1451
P002719,Electronics,96.61,3.07,3.25,91,budget,1,1,0,541
P003905,Home & Kitchen,10.82,3.15,3.25,270,premium,1,6,1,760
P002844,Clothing,62.57,3.52,3.25,1,budget,1,3,0,574
P001023,Automotive,61.61,3.53,3.25,46,budget,1,2,1,1563
P003290,Home & Kitchen,24.29,4.05,3.25,25,mid,0,1,1,978
P000016,Clothing,26.94,3.14,3.25,27,mid,0,6,1,106
P000812,Electronics,548.46,3.92,3.25,31,budget,1,3,0,1037
P000270,Electronics,185.24,3.89,3.25,13,budget,1,3,0,277
P000837,Beauty,24.22,3.14,3.25,28,budget,1,1,1,1389
P000247,Sports & Outdoors,158.13,3.53,3.25,11,mid,0,7,0,832
P000763,Electronics,60.55,4.17,3.25,18,budget,1,6,0,371
P003158,Electronics,170.99,3.61,3.25,4,mid,1,3,0,1235
P001483,Sports & Outdoors,196.81,3.47,3.24,7,budget,1,5,0,1262
P001073,Home & Kitchen,83.48,3.57,3.24,84,premium,1,4,0,420
P000981,Automotive,165.11,3.98,3.24,15,budget,1,5,0,168
P004539,Electronics,163.18,3.68,3.24,10,budget,0,6,0,933
P002856,Food & Grocery,54.33,3.39,3.24,24,premium,1,6,0,218
P001511,Electronics,238.23,3.12,3.24,47,mid,1,6,0,1591
P001218,Books,32.62,3.28,3.24,89,mid,1,0,1,662
P003773,Beauty,67.63,3.75,3.24,17,mid,1,3,0,1326
P003367,Beauty,21.87,3.37,3.24,64,budget,1,6,0,1791
P004203,Electronics,157.24,3.26,3.24,8,mid,1,4,1,1263
P004215,Books,6.16,3.84,3.24,6,budget,1,3,0,593
P001770,Toys & Games,17.93,3.91,3.24,44,budget,1,5,0,837
P003242,Books,20.94,3.41,3.24,24,mid,0,3,0,871
P004447,Home & Kitchen,150.47,3.48,3.24,19,premium,1,7,0,378
P001693,Clothing,95.39,2.94,3.24,3,budget,0,6,1,919
P000919,Clothing,50.9,4.03,3.24,82,premium,1,2,0,1235
P004456,Clothing,75.81,2.75,3.24,2,premium,0,5,0,782
P004112,Toys & Games,49.79,3.39,3.24,37,mid,1,2,0,1414
P000683,Electronics,823.78,3.66,3.24,95,premium,0,4,0,793
P000669,Clothing,81.37,3.76,3.24,19,budget,1,7,0,431
P003041,Home & Kitchen,214.67,3.59,3.24,113,mid,1,2,0,1494
P000598,Sports & Outdoors,38.3,2.91,3.24,90,mid,0,4,1,84
P004295,Toys & Games,23.6,3.95,3.24,23,mid,1,4,1,306
P004368,Sports & Outdoors,56.54,3.65,3.24,46,budget,1,6,1,174
P004658,Electronics,172.45,3.47,3.24,29,premium,0,6,0,849
P001301,Clothing,23.47,3.89,3.23,18,budget,0,1,1,1108
P003671,Home & Kitchen,164.24,3.41,3.23,160,budget,1,6,0,1630
P003632,Automotive,37.11,3.45,3.23,26,mid,0,1,0,124
P004816,Electronics,129.98,3.63,3.23,8,mid,1,4,0,1365
P004423,Sports & Outdoors,36.91,3.65,3.23,211,budget,0,5,1,108
P000208,Beauty,15.59,4.18,3.23,16,mid,1,7,1,189
P002030,Sports & Outdoors,67.09,4.16,3.23,135,budget,1,7,0,422
P000215,Beauty,27.98,3.22,3.23,5,premium,1,1,0,849
P003011,Clothing,65.34,3.54,3.23,62,mid,0,2,0,1511
P001965,Beauty,27.02,3.98,3.23,67,mid,1,6,0,914
P000641,Beauty,15.48,3.2,3.23,79,mid,1,3,1,497
P001412,Automotive,54.03,3.84,3.23,31,mid,0,5,1,1364
P000443,Beauty,11.2,3.37,3.23,30,mid,1,7,0,1345
P002175,Home & Kitchen,178.77,4.03,3.23,25,budget,0,7,0,1068
P002154,Toys & Games,33.54,3.6,3.23,12,budget,1,3,0,1313
P003945,Electronics,174.18,3.21,3.23,16,mid,1,5,1,895
P001528,Home & Kitchen,42.37,2.84,3.23,27,mid,1,1,0,1368
P002516,Toys & Games,14.3,3.21,3.23,88,budget,0,4,0,1143
P002561,Sports & Outdoors,131.44,4.02,3.23,120,premium,0,7,0,165
P000828,Clothing,82.63,3.91,3.23,21,mid,0,6,0,1371
P004227,Sports & Outdoors,83.65,3.34,3.23,138,budget,0,3,1,1680
P001692,Food & Grocery,14.41,3.91,3.23,17,mid,0,7,0,544
P003224,Beauty,13.56,3.24,3.23,20,mid,0,3,0,837
P000824,Sports & Outdoors,93.1,3.53,3.23,19,mid,0,7,1,1247
P003767,Books,14.76,3.19,3.22,33,mid,0,2,0,588
P001292,Sports & Outdoors,144.04,3.8,3.22,44,premium,0,7,0,823
P004666,Home & Kitchen,39.35,3.94,3.22,24,premium,0,2,1,198
P000424,Electronics,334.73,3.97,3.22,42,mid,1,2,0,1146
P001316,Beauty,21.3,3.54,3.22,15,mid,0,0,1,1059
P002185,Books,15.46,3.88,3.22,8,mid,1,6,1,1313
P000328,Books,7.45,4.01,3.22,22,premium,0,0,1,1308
P003630,Clothing,44.0,3.35,3.22,4,budget,1,1,0,382
P000694,Clothing,17.61,3.09,3.22,70,mid,0,0,0,1678
P000210,Books,7.6,3.79,3.22,24,premium,1,4,0,1135
P003455,Automotive,199.76,3.27,3.22,22,budget,1,7,0,644
P001674,Electronics,158.44,3.94,3.22,66,budget,1,6,0,361
P002683,Electronics,128.33,3.64,3.22,39,mid,1,6,1,959
P000770,Sports & Outdoors,24.99,3.31,3.22,13,budget,1,3,0,469
P003124,Home & Kitchen,114.07,4.09,3.22,82,mid,1,2,0,250
P001940,Electronics,200.49,4.11,3.22,29,mid,1,0,0,350
P000575,Health,20.49,3.9,3.22,4,mid,1,7,0,1126
P004249,Clothing,44.12,3.86,3.22,41,mid,1,4,0,837
P004760,Food & Grocery,11.29,3.39,3.22,6,premium,0,7,0,443
P001479,Books,27.96,3.97,3.22,157,mid,1,7,0,1470
P004686,Home & Kitchen,25.91,3.68,3.22,54,mid,1,1,1,1224
P001563,Health,42.02,4.18,3.22,44,mid,1,1,0,1550
P001199,Clothing,26.31,3.39,3.22,14,budget,0,5,1,1044
P004535,Books,7.24,3.4,3.22,188,premium,1,5,0,524
P002546,Home & Kitchen,62.26,3.71,3.22,6,budget,0,6,0,195
P004069,Food & Grocery,17.64,3.62,3.22,59,mid,1,2,1,892
P000458,Home & Kitchen,88.66,3.39,3.22,322,mid,1,1,1,766
P004998,Home & Kitchen,29.43,3.58,3.21,45,premium,1,3,0,1562
P002259,Electronics,132.37,3.4,3.21,49,budget,1,0,1,910
P001765,Electronics,98.89,3.48,3.21,134,budget,0,5,0,475
P003076,Health,29.98,3.65,3.21,15,premium,1,4,0,1785
P003091,Health,98.78,4.19,3.21,16,mid,1,4,0,350
P003184,Electronics,398.04,3.66,3.21,102,premium,1,2,0,371
P000218,Electronics,352.76,3.08,3.21,80,mid,0,6,0,797
P004310,Sports & Outdoors,55.33,3.44,3.21,28,budget,1,2,0,1006
P002042,Toys & Games,74.3,3.67,3.21,7,mid,0,2,0,456
P004837,Electronics,306.13,3.71,3.21,8,budget,1,1,0,1776
P002877,Clothing,37.97,4.0,3.21,248,premium,0,3,0,1094
P002889,Electronics,77.76,4.16,3.21,13,premium,1,6,0,1254
P001630,Home & Kitchen,37.29,3.37,3.21,75,mid,1,4,1,170
P004010,Sports & Outdoors,186.69,4.27,3.21,64,premium,1,7,0,708
P004066,Toys & Games,18.98,3.44,3.21,10,budget,0,6,0,1523
P003347,Toys & Games,24.86,3.67,3.21,84,premium,1,1,1,1423
P001705,Home & Kitchen,70.58,3.57,3.21,93,premium,1,0,0,720
P001001,Electronics,370.66,3.58,3.21,99,mid,0,5,0,503
P003382,Health,14.96,3.2,3.21,13,mid,1,6,1,1751
P001452,Sports & Outdoors,154.16,3.66,3.21,85,mid,1,6,0,397
P003776,Books,8.78,3.91,3.21,6,premium,0,2,0,1017
P002438,Sports & Outdoors,31.35,3.62,3.21,84,mid,1,0,0,1435
P002392,Beauty,39.33,3.48,3.21,56,mid,0,6,0,626
P002137,Clothing,30.26,3.73,3.21,79,budget,1,4,0,97
P002446,Books,39.72,3.11,3.2,86,premium,1,6,0,998
P003729,Beauty,12.54,4.37,3.2,40,mid,0,5,0,1157
P001190,Sports & Outdoors,32.54,3.82,3.2,87,budget,0,5,0,909
P003919,Sports & Outdoors,130.22,3.54,3.2,243,premium,0,0,0,589
P004873,Beauty,69.66,3.07,3.2,54,budget,1,2,1,1743
P001583,Home & Kitchen,98.42,3.35,3.2,51,budget,1,0,0,1289
P000463,Food & Grocery,24.81,3.66,3.2,6,budget,0,5,0,1576
P000470,Books,24.36,3.21,3.2,10,budget,0,3,0,1133
P003867,Books,4.99,3.01,3.2,255,mid,1,0,0,131
P001434,Electronics,193.89,3.76,3.2,288,premium,0,2,0,961
P004556,Beauty,42.5,4.21,3.2,13,mid,1,4,0,1492
P001862,Automotive,33.0,3.81,3.2,5,budget,0,7,0,1618
P002085,Beauty,36.8,3.8,3.2,28,budget,0,3,1,1705
P000773,Sports & Outdoors,27.56,3.25,3.2,165,mid,1,2,0,674
P004496,Home & Kitchen,93.11,3.9,3.2,73,mid,0,5,0,1414
P002316,Clothing,29.59,3.44,3.2,10,budget,1,3,0,373
P002803,Electronics,254.6,3.61,3.2,25,mid,1,6,0,369
P000889,Electronics,498.47,3.4,3.2,19,mid,0,3,0,1420
P000911,Toys & Games,73.01,3.35,3.2,9,budget,1,6,1,1498
P001704,Sports & Outdoors,71.64,3.45,3.19,74,mid,0,2,1,1629
P003107,Clothing,49.13,3.64,3.19,85,budget,0,4,0,159
P003244,Clothing,32.69,4.19,3.19,4,mid,1,5,0,470
P001702,Automotive,23.29,3.52,3.19,19,budget,0,7,1,695
P003155,Clothing,50.86,3.41,3.19,14,budget,1,2,0,184
P002596,Food & Grocery,45.86,3.68,3.19,18,budget,1,4,0,311
P002294,Clothing,36.64,3.5,3.19,70,premium,0,4,0,658
P004153,Home & Kitchen,233.16,3.34,3.19,17,mid,0,7,0,957
P001235,Clothing,29.55,3.31,3.19,57,premium,1,7,1,1353
P002361,Toys & Games,26.89,3.55,3.19,3,mid,0,2,0,1001
P001017,Beauty,24.59,3.91,3.19,44,budget,1,3,0,1618
P001298,Electronics,116.71,3.97,3.19,9,mid,1,1,0,1796
P001466,Beauty,15.5,3.66,3.19,32,mid,1,6,0,887
P002457,Sports & Outdoors,144.9,3.56,3.19,57,premium,0,4,1,985
P000037,Electronics,196.71,3.58,3.19,61,budget,0,4,0,1206
P004190,Books,6.61,3.2,3.18,56,mid,1,0,0,679
P004866,Electronics,59.83,4.06,3.18,16,budget,1,5,0,710
P000102,Beauty,39.81,3.84,3.18,96,budget,1,2,0,1247
P000301,Toys & Games,21.46,4.11,3.18,73,mid,1,7,0,1701
P003993,Electronics,444.91,3.57,3.18,12,premium,0,1,1,325
P000320,Food & Grocery,15.35,3.84,3.18,31,mid,0,0,0,761
P002066,Food & Grocery,23.87,3.92,3.18,21,mid,0,1,0,60
P004293,Electronics,170.17,3.04,3.18,38,mid,1,3,0,697
P002089,Beauty,13.29,3.44,3.18,53,premium,1,2,0,910
P003669,Home & Kitchen,203.6,3.23,3.18,46,mid,1,1,1,966
P002234,Food & Grocery,44.31,3.46,3.18,470,budget,1,1,1,619
P003277,Books,9.77,3.54,3.18,12,mid,0,6,0,900
P000211,Beauty,94.67,3.7,3.18,5,budget,0,1,1,1164
P001810,Electronics,453.2,3.81,3.18,37,premium,1,6,0,1050
P003703,Books,21.53,3.67,3.18,12,premium,0,6,0,595
P003631,Electronics,152.83,3.35,3.18,39,mid,0,4,0,1782
P003625,Sports & Outdoors,27.26,3.05,3.18,62,mid,0,1,0,1589
P004695,Home & Kitchen,41.35,3.56,3.18,57,mid,0,6,1,963
P003258,Clothing,23.97,3.65,3.18,4,mid,0,1,0,1643
P004121,Food & Grocery,23.38,3.63,3.18,39,premium,0,2,0,855
P004497,Home & Kitchen,69.81,3.7,3.18,202,budget,1,4,1,434
P001820,Sports & Outdoors,53.48,3.5,3.17,40,mid,1,0,0,612
P003979,Books,31.69,4.08,3.17,17,premium,0,5,0,423
P002178,Toys & Games,153.3,3.7,3.17,9,premium,0,5,1,860
P002535,Food & Grocery,38.29,3.94,3.17,35,premium,1,6,1,1505
P000335,Electronics,142.33,3.79,3.17,17,budget,1,3,0,491
P001234,Beauty,30.56,3.92,3.17,104,premium,0,0,0,1352
P002474,Books,5.03,3.16,3.17,14,mid,1,6,0,1210
P001409,Health,21.41,3.64,3.17,47,mid,1,7,1,923
P003981,Electronics,91.04,3.1,3.17,17,premium,0,2,1,1008
P002181,Toys & Games,32.52,2.96,3.17,39,budget,1,0,1,1784
P004615,Clothing,48.06,3.94,3.17,25,budget,0,4,0,171
P004661,Beauty,35.68,3.39,3.17,35,mid,0,3,0,1182
P002521,Electronics,186.98,3.63,3.17,33,mid,1,6,0,1763
P004896,Books,15.8,3.34,3.17,118,budget,0,4,1,696
P003354,Clothing,52.22,3.29,3.17,19,mid,0,6,0,1108
P002972,Sports & Outdoors,94.82,3.55,3.17,33,mid,0,3,0,1209
P001740,Toys & Games,62.07,3.46,3.17,83,mid,1,0,0,1552
P000864,Books,25.55,3.43,3.17,84,budget,0,7,1,181
P002295,Clothing,33.57,3.75,3.17,13,premium,0,3,1,1116
P004196,Books,12.74,3.98,3.17,2,mid,0,1,0,441
P004507,Home & Kitchen,84.65,2.99,3.17,19,premium,0,0,0,1598
P001787,Clothing,38.39,3.46,3.17,10,mid,1,3,0,567
P002269,Beauty,39.33,3.69,3.17,32,mid,1,4,0,97
P001975,Electronics,85.18,3.58,3.17,33,mid,0,0,0,1262
P002233,Electronics,335.13,3.05,3.17,16,mid,0,5,0,1772
P004272,Home & Kitchen,58.25,4.29,3.17,3,mid,0,7,1,806
P001917,Sports & Outdoors,205.8,3.51,3.17,12,mid,0,1,0,1165
P002952,Toys & Games,110.76,4.15,3.17,79,budget,1,1,0,1757
P003142,Electronics,454.75,4.18,3.16,32,mid,0,7,1,1200
P004788,Beauty,17.59,3.42,3.16,640,mid,1,7,1,561
P000803,Health,118.49,3.49,3.16,44,premium,0,0,0,195
P004804,Home & Kitchen,55.79,3.61,3.16,16,mid,1,2,0,1211
P004158,Electronics,78.11,3.84,3.16,145,budget,1,7,0,1397
P004526,Books,8.11,3.47,3.16,11,mid,1,4,0,57
P004144,Home & Kitchen,197.61,3.43,3.16,34,premium,0,7,0,722
P003215,Electronics,196.4,3.17,3.16,17,mid,1,3,0,220
P000014,Toys & Games,16.52,3.02,3.16,74,mid,1,2,0,1066
P001237,Clothing,107.55,3.92,3.16,65,budget,0,6,1,1786
P002713,Clothing,89.51,3.58,3.16,22,mid,0,2,0,1387
P001035,Home & Kitchen,50.16,3.73,3.16,23,budget,0,1,0,1435
P002738,Books,39.9,3.34,3.16,136,mid,0,0,1,846
P003101,Food & Grocery,29.5,3.27,3.16,11,budget,1,7,0,596
P002653,Toys & Games,21.62,3.36,3.16,31,budget,0,7,0,569
P001900,Electronics,88.2,3.77,3.16,21,budget,0,4,0,1643
P002968,Clothing,63.6,3.56,3.15,18,mid,1,1,0,433
P000668,Automotive,209.78,3.02,3.15,75,budget,0,7,0,1426
P004259,Food & Grocery,20.68,3.49,3.15,19,mid,0,3,0,419
P004481,Home & Kitchen,40.61,3.7,3.15,23,mid,1,3,0,1313
P001723,Beauty,23.31,3.67,3.15,20,budget,1,1,0,1703
P002256,Books,14.58,3.55,3.15,12,mid,0,5,0,100
P004384,Home & Kitchen,128.65,3.43,3.15,52,budget,1,6,0,553
P000558,Books,12.64,4.05,3.15,201,premium,1,1,0,904
P001372,Food & Grocery,18.74,2.77,3.15,222,budget,0,7,0,30
P004821,Beauty,78.53,3.82,3.15,6,premium,0,7,0,46
P002817,Clothing,79.52,3.53,3.15,20,mid,1,2,1,1467
P004547,Automotive,251.73,3.15,3.15,50,mid,0,0,0,727
P001807,Electronics,65.84,3.45,3.15,10,budget,1,2,0,648
P004192,Beauty,45.88,3.87,3.15,7,mid,0,1,1,1527
P003139,Toys & Games,63.77,3.48,3.15,12,budget,1,0,0,58
P003450,Toys & Games,20.1,3.1,3.15,81,premium,1,3,0,1661
P001490,Home & Kitchen,31.25,3.67,3.15,17,budget,0,7,0,1145
P002188,Sports & Outdoors,113.97,3.66,3.15,6,budget,1,2,0,936
P003653,Clothing,69.79,3.49,3.15,121,mid,0,4,0,778
P001323,Electronics,112.34,3.06,3.15,16,budget,0,2,0,1002
P004024,Health,16.15,3.69,3.15,52,budget,1,4,0,1177
P004633,Clothing,23.86,3.51,3.15,119,budget,1,5,0,1168
P003439,Electronics,42.94,3.69,3.15,129,mid,1,4,0,261
P003931,Books,24.1,3.34,3.15,46,mid,1,6,0,1534
P004255,Health,55.69,3.21,3.15,17,mid,1,4,0,1548
P000537,Books,6.72,3.34,3.14,40,budget,0,3,0,649
P004087,Books,32.88,3.71,3.14,189,mid,1,7,0,257
P002919,Electronics,107.91,3.26,3.14,2,budget,1,1,0,900
P000678,Books,20.87,3.91,3.14,14,mid,0,6,0,1624
P000638,Beauty,29.29,3.38,3.14,12,premium,1,7,0,1472
P004444,Food & Grocery,9.41,3.81,3.14,152,budget,1,0,0,1325
P002322,Electronics,307.48,4.01,3.14,20,budget,1,5,0,332
P002102,Electronics,485.96,3.28,3.14,144,mid,0,6,1,1375
P002325,Clothing,47.03,3.14,3.14,11,mid,1,4,0,585
P003864,Home & Kitchen,22.01,3.83,3.14,62,mid,1,7,0,56
P002365,Sports & Outdoors,15.95,3.08,3.14,685,budget,1,0,0,799
P000402,Food & Grocery,8.81,3.68,3.14,64,mid,1,4,1,225
P002409,Clothing,113.36,3.1,3.14,83,premium,1,3,0,1368
P003539,Electronics,166.24,3.6,3.14,12,mid,0,1,0,1095
P000277,Clothing,26.61,3.69,3.14,65,budget,0,3,0,506
P001384,Automotive,61.82,3.6,3.13,158,premium,1,5,0,1218
P002431,Toys & Games,27.05,3.24,3.13,164,mid,1,1,0,873
P001545,Home & Kitchen,62.2,3.72,3.13,70,premium,1,1,0,1710
P004627,Health,66.53,2.99,3.13,119,mid,1,5,0,782
P000368,Beauty,195.77,3.95,3.13,9,mid,1,7,0,1511
P003589,Toys & Games,15.88,3.25,3.13,44,premium,0,4,0,757
P003430,Toys & Games,23.6,3.25,3.13,285,mid,0,4,0,1030
P001046,Clothing,21.14,3.61,3.13,65,mid,1,6,0,897
P001424,Home & Kitchen,47.68,3.61,3.13,75,budget,0,3,0,1139
P001514,Beauty,35.28,3.47,3.13,28,premium,1,7,0,83
P004772,Home & Kitchen,145.11,3.22,3.13,16,mid,0,2,0,172
P002622,Food & Grocery,38.58,3.66,3.13,20,mid,1,7,0,805
P001967,Beauty,40.92,3.38,3.13,44,mid,0,0,0,1346
P002973,Electronics,390.52,4.25,3.13,19,budget,0,6,0,800
P002258,Toys & Games,20.15,3.67,3.13,135,mid,0,0,0,1433
P000262,Toys & Games,28.69,3.53,3.13,8,budget,0,7,0,1332
P000566,Beauty,56.22,3.84,3.13,88,budget,1,5,0,315
P000664,Electronics,265.54,3.41,3.13,129,budget,0,1,0,1179
P000670,Home & Kitchen,67.35,3.74,3.13,111,mid,0,2,1,1369
P001886,Clothing,36.39,3.35,3.13,60,premium,0,0,0,731
P002646,Health,27.73,3.01,3.13,34,premium,0,0,0,489
P003035,Automotive,27.18,3.49,3.13,0,mid,0,1,1,756
P001670,Health,6.94,4.11,3.13,40,mid,1,6,1,409
P004476,Sports & Outdoors,35.1,3.18,3.13,49,mid,0,5,0,672
P000293,Food & Grocery,20.82,3.65,3.12,44,premium,1,5,0,741
P004430,Electronics,144.43,2.96,3.12,51,mid,1,6,0,79
P004391,Clothing,43.97,3.58,3.12,19,mid,1,2,0,251
P004759,Electronics,135.8,3.6,3.12,36,mid,0,2,0,648
P004329,Health,75.59,3.17,3.12,2,budget,0,3,0,1682
P001916,Clothing,46.79,3.52,3.12,11,mid,0,4,0,652
P000246,Health,27.98,2.83,3.12,123,premium,1,0,0,198
P001839,Toys & Games,37.17,4.03,3.12,6,budget,1,0,0,1282
P004891,Clothing,14.54,4.06,3.12,203,mid,1,4,0,734
P001557,Food & Grocery,24.89,3.46,3.12,26,budget,1,6,0,979
P002199,Clothing,36.83,3.54,3.12,10,budget,1,3,0,274
P004004,Clothing,24.47,3.92,3.12,64,budget,1,1,0,834
P002775,Beauty,26.91,3.66,3.12,12,budget,1,1,0,999
P002503,Food & Grocery,13.67,3.53,3.12,17,budget,1,0,0,533
P002208,Home & Kitchen,36.29,3.36,3.12,66,premium,1,0,1,295
P003922,Health,60.21,3.66,3.12,215,mid,1,2,1,1442
P002101,Beauty,10.83,4.33,3.12,6,premium,0,4,0,1458
P000881,Home & Kitchen,7.11,3.65,3.12,31,budget,1,7,0,248
P004140,Toys & Games,21.96,3.77,3.12,45,budget,0,5,1,510
P003306,Electronics,171.62,3.88,3.12,14,budget,1,3,0,577
P003181,Food & Grocery,50.35,4.04,3.12,60,budget,0,1,0,1048
P002283,Clothing,51.39,3.82,3.12,2,budget,0,2,0,1143
P003069,Beauty,28.72,3.59,3.12,41,budget,1,7,0,893
P000294,Electronics,142.76,3.45,3.12,81,budget,1,7,1,326
P001597,Clothing,26.66,3.11,3.11,37,mid,1,1,0,418
P002778,Books,9.26,3.17,3.11,76,budget,0,3,0,138
P001474,Books,62.34,3.81,3.11,168,budget,1,4,1,1613
P002729,Home & Kitchen,27.33,4.01,3.11,26,premium,0,4,0,578
P001180,Clothing,39.11,3.28,3.11,75,budget,0,4,0,1358
P002740,Books,15.45,3.34,3.11,15,budget,1,2,0,1350
P003555,Clothing,40.56,3.29,3.11,12,mid,0,1,0,1202
P002484,Clothing,34.09,3.14,3.11,18,budget,1,1,1,755
P004801,Home & Kitchen,125.1,3.57,3.11,14,mid,1,4,0,505
P004184,Books,23.28,2.93,3.11,262,mid,0,2,0,1760
P002305,Home & Kitchen,63.99,3.65,3.11,37,mid,0,4,1,328
P004529,Clothing,17.56,3.33,3.11,18,mid,0,6,0,1053
P003338,Health,19.64,3.26,3.11,29,premium,1,4,0,930
P003356,Home & Kitchen,49.86,2.91,3.11,79,budget,1,3,0,60
P004829,Toys & Games,28.26,3.5,3.11,56,mid,0,3,0,616
P002867,Home & Kitchen,48.0,3.33,3.11,6,premium,0,3,0,687
P003037,Sports & Outdoors,48.79,3.42,3.11,38,mid,1,1,0,638
P001912,Electronics,289.17,3.87,3.11,49,mid,1,2,0,668
P000519,Electronics,374.57,3.29,3.11,11,budget,0,7,0,931
P003105,Sports & Outdoors,38.96,3.58,3.11,23,budget,1,7,0,1435
P002903,Electronics,165.09,3.6,3.11,48,budget,1,3,0,628
P000546,Home & Kitchen,84.49,3.88,3.11,85,mid,0,6,1,966
P002449,Sports & Outdoors,49.53,3.86,3.11,259,premium,0,1,0,1222
P004964,Clothing,16.03,3.6,3.11,125,mid,0,7,0,1200
P004930,Clothing,51.58,3.01,3.1,7,premium,0,1,0,85
P003634,Home & Kitchen,45.37,3.65,3.1,14,budget,0,6,0,1103
P001264,Food & Grocery,71.4,3.07,3.1,6,budget,1,1,1,664
P001324,Toys & Games,34.91,3.29,3.1,46,budget,0,6,0,97
P003549,Electronics,199.36,3.96,3.1,20,mid,0,6,0,1071
P001164,Electronics,82.58,3.33,3.1,158,budget,1,7,0,538
P002502,Beauty,26.86,3.66,3.1,20,budget,1,1,0,1492
P002387,Automotive,96.56,3.59,3.1,205,mid,1,4,0,594
P003575,Clothing,60.92,3.94,3.1,7,budget,0,6,0,1318
P004484,Clothing,265.63,3.59,3.1,95,mid,0,2,0,1294
P002336,Beauty,15.81,3.52,3.1,74,mid,0,7,0,493
P004825,Home & Kitchen,53.94,3.8,3.1,6,budget,1,5,0,1386
P002264,Electronics,107.16,3.6,3.1,40,budget,0,7,0,1664
P001949,Electronics,39.87,3.4,3.1,84,mid,1,7,0,402
P004858,Sports & Outdoors,354.21,3.53,3.1,22,premium,1,6,0,295
P004569,Books,12.83,3.5,3.1,15,mid,0,4,0,123
P001040,Electronics,242.62,3.63,3.1,83,premium,0,3,0,1687
P000392,Electronics,312.27,3.52,3.1,10,mid,0,5,0,284
P003898,Home & Kitchen,79.69,3.31,3.1,30,mid,0,3,0,91
P003491,Sports & Outdoors,36.17,3.56,3.1,69,budget,1,2,1,589
P004524,Health,27.57,3.89,3.1,80,premium,1,2,0,751
P004516,Clothing,26.82,3.09,3.1,7,budget,1,0,0,715
P000794,Electronics,188.16,3.76,3.1,2,budget,1,5,0,678
P000264,Electronics,138.32,4.19,3.1,10,budget,0,4,0,93
P002284,Beauty,21.81,3.47,3.1,50,premium,1,7,1,666
P003681,Beauty,20.83,3.6,3.1,32,premium,1,1,0,901
P001818,Home & Kitchen,46.23,3.38,3.1,41,budget,0,4,1,1105
P004762,Books,18.12,3.17,3.1,40,budget,1,3,1,1726
P000849,Electronics,133.52,2.91,3.09,0,mid,1,3,0,1319
P004704,Home & Kitchen,86.4,3.92,3.09,37,budget,1,2,1,1215
P000286,Home & Kitchen,31.95,3.53,3.09,161,mid,0,6,0,1747
P004700,Toys & Games,25.66,3.48,3.09,46,mid,1,0,1,680
P004317,Food & Grocery,18.41,4.03,3.09,30,budget,1,4,0,597
P004340,Toys & Games,35.01,3.37,3.09,4,mid,1,4,0,1077
P003261,Electronics,457.73,3.4,3.09,26,budget,0,1,0,629
P004721,Home & Kitchen,19.74,3.62,3.09,40,mid,1,6,0,102
P002978,Beauty,31.05,3.67,3.09,16,premium,1,3,0,328
P001969,Home & Kitchen,11.14,3.5,3.09,402,premium,1,6,0,118
P003414,Electronics,143.96,3.76,3.09,32,premium,1,6,1,308
P004465,Electronics,124.46,3.69,3.09,12,mid,0,1,0,254
P000302,Electronics,123.83,3.62,3.09,7,premium,1,6,1,988
P003789,Home & Kitchen,75.04,3.37,3.09,34,budget,1,7,0,963
P004889,Home & Kitchen,12.01,2.96,3.09,114,mid,1,2,0,1787
P003740,Home & Kitchen,56.92,3.45,3.09,35,mid,1,3,0,177
P001415,Electronics,132.27,3.35,3.09,101,budget,0,5,0,1738
P001183,Electronics,109.73,3.57,3.09,184,mid,0,7,0,660
P004902,Clothing,41.83,4.08,3.09,137,mid,1,4,0,282
P001139,Electronics,74.71,4.17,3.09,6,mid,1,1,1,390
P002055,Clothing,50.43,3.76,3.09,12,mid,1,5,0,972
P001291,Home & Kitchen,191.95,3.75,3.09,3,budget,1,7,0,99
P002281,Home & Kitchen,25.96,3.32,3.09,7,budget,1,7,1,1153
P000077,Clothing,155.35,2.93,3.09,57,mid,1,6,1,1504
P002103,Toys & Games,22.88,3.6,3.09,9,budget,1,4,0,447
P001640,Beauty,35.9,3.01,3.08,61,premium,1,3,0,136
P003545,Clothing,92.05,3.24,3.08,56,budget,1,2,1,1133
P001392,Toys & Games,40.04,3.33,3.08,41,budget,0,0,0,352
P000973,Electronics,352.19,3.46,3.08,19,mid,0,6,0,115
P004379,Health,61.7,3.59,3.08,71,budget,1,3,1,507
P000129,Electronics,238.69,3.08,3.08,81,mid,0,0,0,666
P003890,Clothing,33.23,3.49,3.08,104,premium,1,5,0,1549
P002892,Automotive,156.81,4.17,3.08,12,budget,1,4,0,249
P001854,Beauty,22.96,3.43,3.08,23,mid,0,3,1,534
P000068,Clothing,103.31,3.95,3.08,183,budget,1,5,0,1128
P003971,Food & Grocery,53.16,3.41,3.08,98,premium,0,3,0,1055
P002654,Beauty,11.4,3.44,3.08,109,mid,0,6,0,1562
P003344,Electronics,107.57,3.48,3.08,10,budget,0,3,0,687
P003123,Clothing,94.49,3.83,3.08,129,premium,1,1,1,617
P000901,Home & Kitchen,38.39,3.24,3.08,93,budget,1,6,0,1779
P004102,Sports & Outdoors,85.72,3.05,3.07,196,mid,0,6,0,1579
P003686,Electronics,89.59,3.72,3.07,92,premium,1,0,0,1242
P002122,Electronics,77.01,3.62,3.07,354,premium,0,5,0,510
P001918,Beauty,22.72,3.21,3.07,34,budget,1,7,1,314
P002825,Automotive,62.57,3.14,3.07,10,premium,1,4,0,421
P002133,Automotive,52.11,3.12,3.07,19,mid,0,2,0,890
P001728,Health,34.82,3.16,3.07,5,mid,0,7,0,497
P003043,Toys & Games,62.49,3.66,3.07,32,premium,0,0,0,601
P000146,Clothing,34.84,3.79,3.07,54,mid,0,2,0,1573
P003017,Food & Grocery,14.15,3.45,3.07,43,mid,1,1,0,1572
P003337,Books,23.0,3.6,3.07,44,budget,1,5,0,1741
P002933,Books,10.28,3.59,3.07,11,budget,1,3,0,749
P004904,Health,44.74,3.72,3.07,42,mid,0,2,0,1361
P003724,Home & Kitchen,39.4,3.46,3.07,12,mid,1,7,0,868
P002756,Toys & Games,56.93,4.01,3.07,27,mid,0,1,0,1473
P002416,Electronics,110.6,3.19,3.07,13,budget,1,7,0,1525
P004958,Clothing,30.43,3.48,3.07,7,mid,1,0,0,1155
P001385,Food & Grocery,14.91,3.51,3.07,17,mid,1,3,1,312
P001901,Sports & Outdoors,165.43,3.25,3.07,102,mid,0,4,0,696
P001809,Home & Kitchen,28.66,3.41,3.07,15,budget,1,3,0,768
P003376,Home & Kitchen,48.72,4.07,3.07,9,mid,1,7,0,154
P000122,Sports & Outdoors,55.68,3.38,3.07,70,mid,0,2,0,870
P001085,Automotive,72.03,3.51,3.07,117,mid,0,6,0,44
P003392,Beauty,37.37,3.81,3.07,163,budget,1,4,0,1648
P000531,Beauty,37.92,3.24,3.06,110,premium,1,5,0,937
P003238,Clothing,62.3,2.95,3.06,73,mid,1,3,0,693
P000900,Books,39.51,3.34,3.06,37,premium,1,6,0,427
P003282,Electronics,131.06,2.84,3.06,283,mid,0,7,0,725
P002888,Food & Grocery,30.68,3.08,3.06,27,mid,1,7,1,1216
P003684,Books,13.74,3.42,3.06,20,mid,1,1,0,430
P000331,Beauty,12.56,3.51,3.06,20,mid,0,1,0,506
P004284,Electronics,387.76,2.86,3.06,27,budget,0,6,1,1428
P002799,Beauty,19.23,3.43,3.06,43,mid,1,5,0,1583
P001221,Electronics,180.17,3.45,3.06,319,mid,1,4,0,711
P003806,Electronics,726.77,2.91,3.06,23,budget,1,3,0,1045
P001435,Clothing,62.6,3.96,3.06,16,budget,0,5,1,1571
P001194,Automotive,120.88,3.38,3.06,81,budget,0,1,0,914
P003542,Books,21.39,3.74,3.06,47,premium,1,3,0,1388
P004996,Clothing,73.85,3.31,3.06,15,budget,0,1,0,914
P004669,Health,14.15,3.11,3.06,19,budget,1,1,0,759
P003619,Clothing,150.19,3.52,3.06,158,budget,0,7,0,1302
P002153,Toys & Games,87.7,3.57,3.06,46,premium,1,2,0,1757
P003370,Home & Kitchen,120.63,2.93,3.06,20,mid,0,7,1,1580
P000143,Food & Grocery,42.4,3.02,3.06,62,premium,0,3,0,1489
P004394,Sports & Outdoors,39.21,3.73,3.06,19,budget,1,4,1,968
P003481,Home & Kitchen,58.15,3.54,3.05,19,budget,0,1,0,509
P000312,Home & Kitchen,58.63,3.47,3.05,12,premium,0,0,0,305
P001351,Toys & Games,29.67,3.66,3.05,67,budget,0,3,0,464
P001753,Health,30.65,3.41,3.05,119,mid,0,5,0,719
P000786,Home & Kitchen,100.34,3.44,3.05,5,mid,0,0,0,437
P000330,Clothing,35.53,2.75,3.05,4,mid,1,7,0,491
P001852,Health,65.92,3.71,3.05,56,premium,1,0,0,1733
P001000,Clothing,97.07,3.72,3.05,38,budget,1,6,1,1256
P001002,Home & Kitchen,108.48,3.82,3.05,21,mid,0,7,0,1471
P002649,Sports & Outdoors,83.67,3.57,3.05,166,premium,0,3,0,595
P004684,Beauty,60.04,3.62,3.05,36,mid,1,3,1,958
P000947,Beauty,37.97,3.88,3.05,6,mid,1,1,0,467
P004833,Beauty,46.4,3.31,3.05,29,mid,0,5,1,1363
P001468,Clothing,55.67,4.07,3.05,30,budget,1,3,0,1333
P001189,Electronics,284.84,3.86,3.05,200,mid,1,6,0,684
P000404,Electronics,101.85,3.06,3.05,41,mid,0,4,0,272
P004917,Beauty,24.87,2.85,3.05,26,mid,1,4,1,294
P002050,Clothing,28.57,2.91,3.05,72,mid,0,5,0,867
P003838,Electronics,130.22,4.19,3.05,2,mid,1,4,0,646
P000073,Health,23.1,3.6,3.05,75,mid,1,6,0,1796
P001305,Toys & Games,25.46,3.57,3.05,46,budget,0,0,0,153
P001626,Beauty,30.88,3.25,3.05,309,budget,1,2,0,498
P004029,Books,5.44,3.8,3.05,104,premium,1,3,0,940
P004820,Books,17.35,3.43,3.05,87,premium,1,5,0,1793
P001707,Electronics,148.55,2.89,3.05,66,mid,1,0,0,1331
P004522,Home & Kitchen,33.08,3.42,3.05,12,budget,1,5,0,651
P002123,Clothing,26.37,3.48,3.05,152,budget,1,5,1,1009
P001950,Food & Grocery,17.31,3.43,3.05,1,budget,1,6,1,453
P000452,Health,47.95,3.73,3.05,34,mid,1,4,0,1354
P000009,Electronics,481.06,3.29,3.04,17,mid,0,4,0,1025
P002477,Electronics,99.46,3.03,3.04,26,budget,0,7,0,610
P001170,Electronics,304.52,3.56,3.04,55,budget,0,6,1,911
P004728,Clothing,87.74,3.18,3.04,58,premium,1,2,1,1405
P002524,Sports & Outdoors,26.72,3.1,3.04,34,budget,0,1,0,136
P003675,Toys & Games,56.33,2.9,3.04,1,premium,1,1,0,1478
P002630,Clothing,28.71,3.55,3.04,4,mid,1,2,1,142
P003077,Clothing,16.55,3.22,3.04,54,budget,0,3,0,251
P001824,Sports & Outdoors,29.35,3.34,3.04,53,mid,0,5,0,844
P001695,Beauty,14.06,3.68,3.04,22,mid,1,1,0,1562
P001553,Clothing,50.65,3.27,3.04,113,budget,1,3,0,1281
P004220,Beauty,21.41,3.12,3.04,53,mid,1,4,0,262
P000870,Clothing,28.94,3.01,3.04,91,budget,1,7,0,1013
P001719,Sports & Outdoors,59.64,2.9,3.04,93,budget,1,0,0,336
P004993,Beauty,32.17,2.97,3.04,104,mid,0,6,0,1132
P000625,Automotive,48.04,3.33,3.04,57,mid,0,3,0,1590
P002905,Home & Kitchen,47.77,3.47,3.04,32,mid,1,2,0,597
P002782,Electronics,115.22,3.69,3.04,43,premium,0,7,0,366
P002925,Electronics,80.99,3.19,3.04,17,budget,1,5,0,984
P003332,Clothing,45.01,3.31,3.04,38,mid,0,7,0,318
P004754,Books,19.92,3.9,3.04,40,mid,1,1,1,1747
P000405,Automotive,129.34,3.52,3.03,54,premium,1,2,0,386
P001519,Electronics,86.5,2.6,3.03,41,mid,1,2,1,1505
P001513,Sports & Outdoors,28.07,3.71,3.03,77,premium,1,2,0,426
P004426,Home & Kitchen,37.71,3.61,3.03,3,premium,0,5,0,1285
P002714,Electronics,198.62,3.23,3.03,30,budget,1,2,0,383
P003461,Home & Kitchen,135.54,3.36,3.03,45,budget,1,0,0,347
P003868,Clothing,104.74,4.05,3.03,76,mid,0,0,1,1523
P004878,Beauty,17.29,3.88,3.03,59,budget,1,7,0,123
P001582,Clothing,97.51,3.24,3.03,10,mid,0,1,1,130
P003892,Sports & Outdoors,49.84,3.46,3.03,13,premium,0,0,1,659
P000640,Health,61.86,3.44,3.03,65,premium,0,6,0,251
P004742,Clothing,32.3,3.5,3.03,90,premium,0,2,1,717
P002997,Sports & Outdoors,99.66,3.48,3.03,6,budget,1,2,0,1448
P002640,Clothing,58.4,3.47,3.03,49,mid,0,5,0,1362
P003264,Home & Kitchen,73.23,3.48,3.03,295,budget,0,6,0,378
P003151,Electronics,200.24,2.84,3.03,20,mid,1,6,0,502
P000689,Beauty,13.52,3.4,3.03,13,mid,0,4,0,1551
P003708,Beauty,40.13,3.24,3.02,40,premium,0,1,0,917
P003698,Electronics,62.72,3.53,3.02,47,budget,0,0,1,62
P004289,Automotive,59.92,3.45,3.02,57,mid,0,4,0,237
P003104,Toys & Games,32.14,3.78,3.02,11,mid,0,0,0,1605
P003673,Clothing,52.16,2.97,3.02,138,mid,1,2,0,564
P002497,Books,11.64,3.37,3.02,22,mid,1,5,1,1681
P002727,Toys & Games,50.09,3.61,3.02,32,budget,1,0,0,595
P002084,Clothing,39.42,3.73,3.02,5,premium,0,0,0,390
P002619,Toys & Games,36.51,3.29,3.02,34,mid,1,4,0,1226
P001171,Home & Kitchen,50.02,3.32,3.02,32,budget,0,6,1,1183
P003859,Beauty,68.44,3.23,3.02,221,budget,1,1,0,483
P002990,Sports & Outdoors,109.8,3.93,3.02,18,premium,1,2,1,771
P001065,Clothing,8.49,3.92,3.02,24,budget,0,6,0,618
P004771,Sports & Outdoors,90.28,4.14,3.02,62,mid,0,2,0,465
P004561,Automotive,85.32,2.7,3.02,16,mid,1,5,1,772
P001005,Sports & Outdoors,62.71,2.97,3.02,13,mid,1,2,1,1780
P000665,Home & Kitchen,26.71,3.72,3.02,16,budget,0,0,0,1734
P001699,Automotive,26.09,3.32,3.02,77,budget,1,5,0,553
P002697,Toys & Games,28.51,3.65,3.02,13,budget,0,3,0,729
P003983,Sports & Outdoors,85.71,3.38,3.02,31,mid,1,0,0,1085
P003996,Electronics,172.02,2.89,3.02,223,mid,1,5,1,576
P001968,Health,31.76,3.68,3.02,7,budget,1,1,0,40
P004767,Sports & Outdoors,32.99,3.31,3.02,430,budget,0,6,0,617
P000749,Toys & Games,2.3,3.44,3.01,131,budget,1,5,0,805
P003764,Clothing,31.7,4.39,3.01,26,budget,1,7,0,399
P001153,Electronics,488.83,3.18,3.01,60,budget,1,7,0,1653
P004852,Beauty,16.94,3.18,3.01,39,budget,1,4,1,1498
P000532,Beauty,44.64,3.21,3.01,43,premium,0,5,0,541
P000946,Clothing,14.48,3.74,3.01,60,mid,0,1,1,769
P003444,Home & Kitchen,18.07,3.17,3.01,47,mid,1,5,1,1696
P003442,Clothing,68.36,3.38,3.01,104,budget,0,0,0,1666
P004701,Automotive,167.09,3.51,3.01,30,mid,1,2,1,1285
P002981,Sports & Outdoors,120.42,2.96,3.01,22,budget,1,6,1,81
P001831,Home & Kitchen,135.26,3.71,3.01,18,mid,1,1,0,646
P003163,Electronics,199.68,3.58,3.01,114,premium,1,3,0,1184
P003784,Clothing,50.38,3.15,3.01,26,premium,1,3,1,414
P002132,Beauty,11.7,3.0,3.01,6,mid,0,4,0,298
P003188,Health,49.06,3.93,3.01,9,budget,1,5,0,953
P003210,Electronics,243.37,3.6,3.01,35,mid,0,4,0,1662
P002601,Home & Kitchen,38.98,2.83,3.01,25,mid,1,4,0,1360
P000455,Electronics,509.23,3.55,3.01,14,mid,1,0,0,1645
P004327,Electronics,155.82,3.55,3.01,22,mid,1,1,0,776
P000563,Health,17.11,3.48,3.01,80,premium,1,0,0,1054
P002016,Books,17.03,3.02,3.01,17,mid,1,1,1,1631
P002779,Clothing,35.12,3.48,3.0,12,mid,1,0,0,1285
P001535,Electronics,153.16,3.26,3.0,49,mid,1,5,0,447
P000382,Food & Grocery,30.11,3.14,3.0,30,premium,0,6,0,206
P002293,Sports & Outdoors,61.92,3.77,3.0,131,premium,0,3,1,377
P001135,Automotive,77.14,3.35,3.0,29,mid,0,4,0,1158
P002558,Clothing,85.97,3.4,3.0,2,mid,1,3,0,251
P003201,Toys & Games,141.72,3.12,3.0,136,mid,1,4,0,1754
P002595,Clothing,30.82,3.08,3.0,83,budget,0,3,0,1415
P000088,Home & Kitchen,43.02,3.33,3.0,3,budget,1,5,0,1738
P004909,Beauty,31.52,3.21,3.0,86,budget,0,4,0,1556
P003581,Toys & Games,40.34,4.21,3.0,182,budget,0,3,0,1385
P003733,Books,13.31,3.45,3.0,42,budget,1,7,1,1749
P002476,Electronics,208.68,3.42,3.0,180,mid,1,5,0,1656
P001866,Health,52.07,3.45,3.0,4,mid,1,7,1,496
P001335,Automotive,85.0,3.24,3.0,32,premium,1,5,1,875
P004813,Books,33.64,3.28,3.0,84,budget,1,1,0,1549
P000917,Electronics,234.06,3.53,3.0,27,premium,1,4,1,104
P000859,Home & Kitchen,81.79,3.45,3.0,65,mid,1,3,0,491
P003245,Electronics,114.81,3.37,3.0,43,budget,0,1,0,186
P000965,Food & Grocery,29.34,3.38,3.0,36,mid,1,0,0,1506
P001577,Toys & Games,21.48,3.58,3.0,22,mid,1,0,0,881
P002254,Sports & Outdoors,57.97,3.06,3.0,16,mid,0,6,0,858
P004520,Clothing,29.15,3.87,3.0,227,budget,1,7,1,1694
P003307,Electronics,89.33,3.22,3.0,74,mid,1,5,1,795
P002140,Health,23.41,3.59,2.99,23,budget,1,5,1,96
P002643,Books,22.58,3.09,2.99,24,mid,1,0,0,1493
P000161,Electronics,94.24,3.48,2.99,6,budget,1,6,0,103
P004055,Toys & Games,26.27,3.21,2.99,19,mid,0,1,0,932
P004065,Electronics,480.64,3.16,2.99,86,premium,0,3,1,275
P000064,Toys & Games,27.31,3.01,2.99,10,premium,0,2,0,1479
P003840,Clothing,104.46,3.25,2.99,12,premium,0,1,0,409
P001600,Clothing,32.46,3.98,2.99,15,mid,0,6,0,747
P003420,Health,27.92,2.88,2.99,27,budget,0,1,0,1580
P001070,Home & Kitchen,103.2,3.13,2.99,42,mid,1,1,0,156
P000276,Home & Kitchen,81.8,3.6,2.99,9,budget,1,3,0,76
P001871,Clothing,36.06,3.31,2.99,20,mid,1,7,0,1311
P002734,Clothing,91.34,3.6,2.99,32,mid,1,3,0,1564
P003080,Clothing,67.52,2.99,2.99,8,premium,1,5,0,762
P000944,Home & Kitchen,60.04,3.29,2.99,89,budget,1,6,0,334
P000780,Health,38.17,3.02,2.99,479,budget,1,7,0,514
P004638,Beauty,40.97,3.54,2.98,47,mid,0,4,0,1548
P003763,Electronics,522.88,3.51,2.98,81,budget,0,5,0,408
P004933,Toys & Games,13.0,3.79,2.98,138,mid,1,4,0,1476
P004922,Electronics,183.81,3.48,2.98,120,mid,1,5,0,308
P002795,Health,26.42,2.95,2.98,27,mid,0,0,0,690
P001499,Home & Kitchen,82.96,3.55,2.98,38,budget,1,5,0,934
P000833,Home & Kitchen,8.4,3.6,2.98,20,budget,0,6,0,424
P000067,Books,55.92,3.18,2.98,22,mid,1,6,0,514
P001332,Books,12.37,3.38,2.98,6,budget,1,0,1,565
P001727,Home & Kitchen,24.55,3.0,2.98,6,budget,1,5,0,693
P000783,Home & Kitchen,63.68,3.72,2.98,89,mid,1,2,0,1558
P004070,Clothing,35.03,2.82,2.98,24,mid,0,3,1,1543
P003182,Clothing,35.23,2.91,2.98,11,mid,1,7,0,1431
P000548,Electronics,122.68,2.52,2.98,97,mid,1,5,0,476
P000108,Clothing,56.86,3.25,2.98,33,mid,0,4,0,622
P002620,Health,27.92,3.93,2.98,35,mid,1,0,0,702
P004624,Health,18.26,3.49,2.98,44,premium,1,3,1,1195
P000361,Food & Grocery,19.68,3.73,2.98,22,mid,0,0,1,340
P000578,Sports & Outdoors,21.34,3.64,2.98,122,mid,0,0,0,578
P002098,Books,25.2,3.26,2.98,8,mid,1,7,0,751
P002022,Electronics,97.54,3.17,2.97,5,budget,1,7,1,1615
P001850,Beauty,84.01,3.69,2.97,51,budget,1,0,0,1236
P004893,Home & Kitchen,111.83,3.06,2.97,17,mid,0,5,0,323
P001509,Clothing,18.24,3.34,2.97,26,mid,1,2,1,436
P002044,Food & Grocery,19.51,3.05,2.97,4,mid,0,6,1,1685
P001492,Toys & Games,46.55,2.95,2.97,110,premium,0,2,0,540
P001165,Electronics,82.56,3.05,2.97,19,budget,1,6,0,511
P004435,Books,15.58,3.29,2.97,85,mid,1,3,0,1617
P003412,Electronics,164.87,3.44,2.97,81,mid,1,7,0,902
P001559,Sports & Outdoors,125.22,3.25,2.97,13,premium,0,1,0,816
P004023,Clothing,18.0,2.76,2.97,68,mid,1,0,0,936
P002706,Home & Kitchen,107.48,3.36,2.97,25,premium,1,4,1,487
P000467,Sports & Outdoors,43.53,3.23,2.97,6,mid,0,1,0,112
P001615,Toys & Games,31.18,3.36,2.97,95,mid,0,6,0,540
P004319,Health,101.65,3.56,2.97,10,premium,1,0,0,289
P000906,Sports & Outdoors,62.85,3.34,2.97,8,mid,1,6,0,523
P000189,Beauty,47.79,2.84,2.97,145,budget,0,4,0,889
P001274,Sports & Outdoors,32.02,3.64,2.97,311,mid,0,2,0,377
P004188,Electronics,318.36,3.55,2.96,34,budget,0,2,0,1641
P004261,Food & Grocery,7.24,3.29,2.96,303,premium,1,5,1,1598
P003621,Sports & Outdoors,105.38,3.64,2.96,894,mid,1,5,0,395
P002959,Clothing,95.63,3.45,2.96,103,budget,1,7,1,1490
P001455,Home & Kitchen,18.86,3.11,2.96,8,mid,1,5,0,1110
P004776,Electronics,714.44,3.73,2.96,6,budget,1,5,0,424
P000087,Beauty,30.2,3.75,2.96,9,mid,0,0,1,1750
P000810,Automotive,107.55,3.2,2.96,41,mid,0,0,0,1632
P002964,Sports & Outdoors,57.98,2.57,2.96,11,budget,0,5,0,1429
P002614,Toys & Games,15.01,3.31,2.96,151,budget,1,5,0,1076
P001909,Toys & Games,21.72,3.44,2.96,15,mid,1,0,1,306
P002403,Beauty,21.41,3.41,2.96,4,mid,1,7,0,219
P000343,Toys & Games,9.77,3.49,2.96,126,budget,0,6,1,771
P004371,Clothing,313.17,3.47,2.96,11,budget,0,2,0,1282
P001084,Health,98.94,3.07,2.96,248,mid,1,1,0,1183
P001562,Sports & Outdoors,93.65,3.27,2.96,35,mid,1,7,0,1721
P004219,Automotive,143.02,3.56,2.96,14,premium,0,4,0,1795
P000503,Food & Grocery,14.74,2.72,2.96,42,mid,1,3,1,1324
P001714,Health,60.91,3.46,2.96,89,budget,0,1,0,193
P004308,Home & Kitchen,77.31,3.6,2.96,55,premium,0,1,0,445
P002824,Food & Grocery,5.15,3.56,2.96,10,budget,1,3,0,1727
P000013,Sports & Outdoors,26.95,3.51,2.96,27,premium,1,6,0,609
P004487,Toys & Games,12.25,3.13,2.96,68,mid,0,7,0,1569
P004417,Books,22.2,3.23,2.95,250,mid,1,2,0,397
P000130,Sports & Outdoors,39.85,3.54,2.95,20,budget,0,6,0,856
P004786,Health,27.37,3.68,2.95,146,budget,1,2,1,781
P002991,Toys & Games,30.88,3.15,2.95,9,budget,0,2,0,263
P004247,Health,48.58,3.28,2.95,148,mid,1,2,0,1346
P002041,Clothing,20.58,3.63,2.95,13,budget,1,3,0,1440
P004953,Clothing,74.71,3.2,2.95,115,premium,1,5,0,719
P002017,Clothing,27.02,3.52,2.95,232,premium,0,0,0,1480
P001607,Automotive,53.59,3.09,2.95,4,budget,0,3,0,1347
P000953,Clothing,51.0,3.43,2.95,14,budget,1,1,0,220
P001066,Automotive,156.38,3.45,2.95,38,mid,0,0,1,773
P000976,Sports & Outdoors,39.23,3.47,2.95,106,mid,1,0,0,889
P000974,Food & Grocery,32.47,3.45,2.95,17,mid,1,0,0,1572
P004127,Books,92.49,2.94,2.95,201,premium,0,6,0,1396
P002368,Home & Kitchen,25.02,3.38,2.95,33,budget,1,0,0,1182
P003964,Clothing,31.87,3.51,2.95,121,budget,0,3,0,928
P003309,Sports & Outdoors,34.21,3.69,2.95,18,budget,1,7,0,738
P003319,Electronics,85.16,3.74,2.95,107,mid,0,7,0,168
P004654,Electronics,99.86,3.52,2.95,7,mid,1,2,0,816
P003677,Clothing,24.18,3.65,2.95,27,premium,1,3,0,559
P004564,Toys & Games,16.12,3.82,2.95,237,budget,0,0,0,33
P003047,Home & Kitchen,21.09,3.06,2.95,36,mid,1,0,0,811
P003723,Health,62.38,3.13,2.95,9,premium,0,3,0,1329
P000764,Electronics,280.19,3.55,2.95,28,premium,1,3,1,1114
P001249,Health,51.02,3.53,2.95,13,budget,1,7,0,1719
P002747,Clothing,45.12,2.7,2.95,15,budget,0,7,0,968
P000848,Beauty,10.03,3.23,2.95,57,premium,0,1,0,1043
P004966,Electronics,121.85,3.48,2.94,35,premium,1,7,0,620
P001937,Home & Kitchen,56.48,4.07,2.94,5,budget,0,4,0,1039
P000892,Food & Grocery,45.3,2.74,2.94,51,mid,1,4,0,780
P002062,Clothing,27.34,3.45,2.94,158,mid,1,1,0,1181
P001414,Food & Grocery,23.41,3.55,2.94,59,budget,1,7,1,1573
P001284,Sports & Outdoors,67.89,3.04,2.94,57,premium,0,0,0,1480
P001250,Food & Grocery,47.59,3.05,2.94,87,budget,1,7,0,1765
P000737,Clothing,35.59,3.77,2.94,68,budget,0,6,0,536
P003795,Books,35.39,3.39,2.94,8,premium,0,0,0,1685
P001910,Health,15.88,3.64,2.94,45,premium,1,5,1,1443
P001655,Food & Grocery,56.48,3.71,2.94,9,premium,0,4,0,1041
P001772,Toys & Games,52.32,3.18,2.94,66,mid,0,6,0,462
P000030,Beauty,20.58,3.42,2.94,36,mid,0,7,1,1694
P000624,Home & Kitchen,28.59,3.48,2.94,26,mid,1,1,0,1457
P004042,Beauty,39.3,3.4,2.94,8,mid,1,5,0,665
P001848,Sports & Outdoors,126.53,3.64,2.94,28,budget,1,0,0,1721
P003090,Food & Grocery,13.45,3.32,2.93,493,premium,1,4,0,1144
P001230,Electronics,404.79,3.49,2.93,20,premium,1,7,0,1547
P001325,Clothing,40.08,3.02,2.93,13,mid,0,5,0,1597
P003119,Clothing,20.38,3.38,2.93,52,mid,1,7,0,834
P003325,Sports & Outdoors,39.75,3.75,2.93,17,budget,1,0,0,570
P002480,Food & Grocery,9.83,3.5,2.93,31,budget,0,7,0,1263
P001808,Home & Kitchen,89.92,3.4,2.93,15,mid,1,4,0,1639
P000460,Sports & Outdoors,78.52,3.27,2.93,35,premium,0,6,0,173
P002528,Health,12.22,3.13,2.93,11,budget,1,4,0,484
P000753,Clothing,111.98,3.66,2.93,4,premium,1,0,0,776
P000730,Books,20.66,2.82,2.93,17,premium,0,0,1,1353
P000600,Sports & Outdoors,110.65,3.49,2.93,3,budget,0,3,0,1295
P002028,Home & Kitchen,29.72,3.56,2.93,28,mid,1,6,1,1000
P000497,Home & Kitchen,94.23,2.83,2.93,3,budget,0,5,0,397
P000481,Home & Kitchen,50.76,3.54,2.93,47,mid,0,0,1,93
P004099,Beauty,31.71,3.71,2.93,170,mid,0,0,0,1030
P000897,Clothing,54.44,3.54,2.93,12,premium,0,0,0,364
P004200,Electronics,137.66,3.56,2.93,11,mid,0,5,1,443
P002716,Clothing,43.81,3.01,2.93,7,budget,0,6,0,1754
P001896,Electronics,91.81,3.51,2.93,9,mid,0,6,0,504
P004150,Home & Kitchen,69.73,3.35,2.93,31,premium,1,4,0,1129
P003428,Health,16.27,3.31,2.93,286,budget,0,1,0,889
P004681,Food & Grocery,4.56,3.37,2.93,139,mid,0,6,0,348
P002860,Home & Kitchen,54.16,3.06,2.92,22,budget,1,6,0,544
P001885,Clothing,103.14,2.98,2.92,40,budget,1,6,0,47
P003775,Toys & Games,15.25,3.7,2.92,371,budget,0,5,0,226
P003762,Clothing,76.31,3.1,2.92,7,premium,0,7,0,748
P001756,Books,18.86,3.87,2.92,42,mid,0,5,0,706
P001145,Home & Kitchen,79.48,3.23,2.92,94,premium,1,6,0,656
P000494,Clothing,43.26,3.49,2.92,25,mid,1,6,0,325
P004167,Electronics,165.43,3.57,2.92,13,mid,0,6,1,1749
P000761,Beauty,39.77,2.92,2.92,6,mid,0,0,1,928
P001150,Health,63.46,3.28,2.92,221,budget,1,4,0,415
P003480,Books,62.84,3.08,2.92,12,premium,0,7,0,402
P000237,Home & Kitchen,78.15,3.47,2.92,5,premium,1,4,0,354
P001569,Home & Kitchen,54.73,3.58,2.92,1,premium,1,2,1,862
P002217,Electronics,389.23,4.14,2.92,29,mid,1,1,0,139
P004546,Clothing,22.32,2.82,2.92,92,mid,1,4,0,1700
P004548,Clothing,28.54,3.79,2.92,96,mid,1,7,0,422
P003015,Clothing,31.45,3.3,2.92,46,budget,1,5,0,1394
P002910,Books,14.73,3.11,2.92,12,mid,1,2,1,1383
P000799,Beauty,35.23,3.62,2.92,32,mid,0,7,0,516
P002145,Clothing,71.31,3.31,2.92,3,budget,1,2,0,463
P004802,Clothing,40.7,2.94,2.92,123,mid,1,0,0,549
P004956,Clothing,34.76,2.72,2.92,13,budget,0,7,1,1571
P004454,Sports & Outdoors,71.33,3.56,2.92,23,mid,0,0,0,1306
P001315,Electronics,162.04,3.3,2.92,24,premium,0,5,1,738
P004062,Beauty,6.17,3.47,2.91,15,mid,1,3,0,153
P001506,Books,24.47,3.92,2.91,74,mid,1,2,0,671
P004874,Sports & Outdoors,100.32,3.8,2.91,54,budget,1,5,0,1579
P003635,Sports & Outdoors,44.9,3.18,2.91,31,premium,0,7,1,1690
P003398,Electronics,101.96,3.73,2.91,14,mid,0,2,0,1304
P001462,Books,15.55,2.8,2.91,5,budget,0,5,0,1540
P003399,Beauty,23.19,3.36,2.91,66,budget,0,1,0,1120
P000560,Books,21.85,3.31,2.91,18,mid,0,2,1,345
P004359,Books,27.67,3.6,2.91,14,mid,0,7,0,50
P004051,Food & Grocery,14.54,2.51,2.91,12,budget,1,5,0,773
P004274,Health,19.85,2.62,2.91,16,mid,1,0,0,85
P003667,Clothing,28.34,3.49,2.9,332,budget,1,1,1,1679
P003749,Clothing,22.11,3.24,2.9,46,budget,0,4,0,1252
P001948,Food & Grocery,6.71,3.58,2.9,28,mid,0,0,0,494
P000583,Electronics,167.95,3.29,2.9,24,budget,1,5,0,78
P001676,Food & Grocery,14.83,3.78,2.9,212,budget,0,1,0,1297
P000213,Clothing,60.01,3.72,2.9,20,premium,0,2,0,108
P003782,Toys & Games,25.66,3.19,2.9,39,mid,1,4,0,272
P000541,Automotive,36.27,3.54,2.9,190,mid,0,3,0,111
P000554,Health,19.8,3.74,2.9,26,budget,1,6,0,709
P003243,Food & Grocery,38.26,3.49,2.9,1,premium,1,0,0,751
P003534,Electronics,116.32,3.6,2.9,25,budget,0,6,0,1049
P002679,Beauty,70.14,3.71,2.9,3,budget,1,6,0,540
P002164,Home & Kitchen,15.12,3.26,2.9,4,mid,1,5,0,341
P002557,Electronics,49.83,2.93,2.9,7,mid,1,1,0,569
P003921,Clothing,36.49,3.36,2.9,3,premium,1,6,0,249
P000734,Home & Kitchen,36.51,3.58,2.9,6,premium,1,2,0,1552
P004963,Books,15.47,3.45,2.9,93,budget,0,6,0,987
P000393,Sports & Outdoors,126.39,3.34,2.9,18,mid,1,6,0,147
P003153,Home & Kitchen,66.0,3.12,2.9,40,mid,1,6,0,1289
P001815,Toys & Games,46.52,3.38,2.9,9,budget,1,5,0,1109
P002966,Books,31.22,3.27,2.9,23,mid,1,1,1,290
P001538,Beauty,63.33,3.15,2.9,249,mid,0,6,0,1320
P002008,Electronics,171.53,3.73,2.9,6,mid,0,6,1,1099
P004648,Clothing,42.92,3.34,2.9,108,budget,0,7,1,138
P001790,Electronics,172.92,3.79,2.9,74,mid,0,0,0,1144
P000070,Home & Kitchen,54.17,3.58,2.9,22,budget,1,2,1,1006
P001478,Automotive,121.72,3.21,2.9,4,premium,1,7,0,1178
P001784,Electronics,36.47,3.19,2.9,43,premium,1,1,0,1312
P001785,Clothing,42.44,3.88,2.89,3,mid,1,2,0,1268
P001143,Toys & Games,11.48,3.32,2.89,35,budget,0,0,0,1201
P000793,Clothing,56.73,2.79,2.89,115,mid,1,3,0,592
P004882,Sports & Outdoors,120.73,3.35,2.89,63,mid,1,4,1,911
P004366,Electronics,182.45,3.64,2.89,46,mid,1,5,1,934
P001347,Home & Kitchen,46.0,3.14,2.89,103,mid,1,0,1,839
P002613,Books,15.92,3.99,2.89,7,mid,1,0,1,135
P004916,Toys & Games,30.57,3.71,2.89,11,mid,0,1,1,632
P004322,Books,21.0,3.55,2.89,267,mid,1,2,0,845
P004378,Clothing,43.32,3.58,2.89,19,budget,1,3,0,304
P004020,Beauty,26.21,3.24,2.89,36,premium,1,6,0,247
P001706,Automotive,68.89,2.56,2.89,15,premium,1,3,1,1649
P000626,Home & Kitchen,57.5,3.56,2.89,111,mid,0,1,0,167
P004093,Toys & Games,14.4,3.51,2.89,7,budget,1,3,0,1596
P001350,Electronics,124.29,3.14,2.89,20,mid,1,1,0,1365
P003573,Clothing,33.15,2.51,2.89,310,premium,1,7,1,1444
P001826,Electronics,100.53,3.04,2.88,7,mid,1,2,1,624
P002319,Books,16.08,3.82,2.88,4,premium,1,7,0,43
P002499,Toys & Games,10.41,3.38,2.88,30,mid,0,1,0,900
P003628,Beauty,23.5,2.98,2.88,10,mid,0,6,0,807
P003083,Sports & Outdoors,25.77,2.94,2.88,35,budget,0,5,0,1050
P004213,Home & Kitchen,61.41,3.7,2.88,12,budget,0,5,0,667
P004067,Clothing,128.75,3.19,2.88,132,premium,1,1,0,1549
P000181,Health,38.79,3.49,2.88,222,mid,0,3,1,487
P000545,Electronics,180.6,3.38,2.88,31,premium,0,4,0,424
P000074,Clothing,42.96,3.85,2.88,47,mid,1,7,0,725
P000166,Home & Kitchen,15.35,3.29,2.88,18,budget,0,3,0,304
P001992,Beauty,26.3,3.05,2.88,55,mid,1,6,0,272
P001157,Electronics,126.33,3.24,2.88,29,mid,1,0,0,86
P004806,Beauty,17.8,2.86,2.88,4,budget,1,5,1,280
P004587,Books,54.24,3.04,2.88,50,budget,0,1,0,703
P004984,Electronics,194.22,3.21,2.88,37,mid,0,4,0,1144
P003517,Sports & Outdoors,51.57,3.3,2.88,41,budget,1,1,0,404
P003183,Books,10.16,3.4,2.88,174,mid,0,3,0,437
P003437,Clothing,59.11,3.52,2.88,15,premium,0,7,0,634
P000852,Clothing,12.33,3.57,2.88,6,budget,1,5,0,332
P000317,Home & Kitchen,96.5,3.96,2.87,11,premium,0,2,0,1406
P002833,Home & Kitchen,102.12,3.34,2.87,67,premium,1,3,0,1655
P000308,Sports & Outdoors,94.09,3.07,2.87,10,mid,0,1,0,1054
P000697,Beauty,26.65,3.83,2.87,2,budget,1,2,1,651
P004791,Books,34.81,3.53,2.87,67,premium,1,1,0,1769
P002568,Electronics,209.98,3.71,2.87,21,budget,1,4,0,1707
P003095,Home & Kitchen,81.66,3.32,2.87,60,mid,1,6,0,1158
P001248,Clothing,71.93,3.56,2.87,356,budget,1,7,0,328
P003771,Food & Grocery,18.72,3.79,2.87,22,mid,1,4,0,1159
P001383,Books,23.97,3.67,2.87,24,mid,1,0,0,356
P003852,Clothing,67.12,3.1,2.87,13,budget,1,4,0,344
P003431,Books,18.09,3.17,2.87,3,mid,0,3,0,533
P002038,Electronics,160.49,3.51,2.87,13,mid,1,4,0,983
P003947,Clothing,22.76,3.71,2.87,17,premium,1,4,0,690
P003064,Health,59.44,3.23,2.87,97,mid,1,7,0,1458
P004755,Food & Grocery,22.04,3.05,2.87,3,mid,1,7,0,254
P002240,Books,14.5,3.17,2.87,51,budget,1,7,0,1297
P003030,Home & Kitchen,27.95,3.61,2.87,61,mid,0,2,0,316
P002703,Home & Kitchen,96.67,2.75,2.87,31,mid,1,6,0,1647
P001777,Beauty,63.89,2.96,2.87,16,mid,0,3,0,1150
P000569,Home & Kitchen,53.89,2.77,2.87,8,budget,0,3,0,1526
P001402,Electronics,259.41,3.79,2.87,25,budget,1,4,0,1415
P003851,Home & Kitchen,27.0,3.15,2.87,39,budget,1,5,0,1781
P002691,Food & Grocery,30.68,2.94,2.87,87,mid,0,7,0,1606
P002112,Books,13.11,3.36,2.87,27,premium,0,2,0,751
P002837,Sports & Outdoors,32.46,2.87,2.86,16,budget,1,1,1,71
P001651,Clothing,11.01,3.14,2.86,8,mid,0,5,0,946
P004160,Clothing,24.83,2.88,2.86,392,premium,1,1,0,1047
P002417,Clothing,52.92,3.18,2.86,12,mid,1,7,0,204
P000571,Clothing,49.56,3.29,2.86,5,mid,0,3,1,534
P004797,Clothing,32.27,3.46,2.86,90,mid,1,4,0,1612
P002447,Electronics,425.38,3.01,2.86,87,budget,0,1,0,466
P004075,Electronics,310.42,2.73,2.86,58,budget,1,6,0,1174
P001413,Health,92.69,3.06,2.86,91,budget,1,3,0,1600
P001680,Books,13.71,3.25,2.86,26,budget,0,4,0,1750
P000710,Home & Kitchen,49.15,3.67,2.86,25,mid,0,4,1,1318
P002124,Clothing,29.23,3.72,2.86,14,mid,1,5,0,678
P002574,Toys & Games,50.59,3.37,2.86,36,mid,0,0,0,799
P004152,Books,18.55,3.17,2.86,34,mid,1,4,0,1260
P001271,Automotive,162.35,3.38,2.86,33,mid,0,6,0,1460
P004811,Books,36.69,3.38,2.86,24,mid,1,5,0,717
P001544,Electronics,37.22,3.02,2.86,15,mid,0,3,0,335
P000618,Home & Kitchen,38.36,3.42,2.86,64,budget,1,6,0,67
P002257,Health,171.1,3.45,2.86,126,budget,0,4,0,1678
P003865,Food & Grocery,10.08,3.0,2.86,235,mid,1,3,0,647
P003179,Electronics,394.83,3.36,2.86,120,premium,1,7,0,653
P001970,Books,2.87,3.48,2.86,12,mid,1,4,1,1649
P004761,Books,24.71,3.6,2.86,22,budget,0,0,0,1354
P003320,Clothing,24.21,2.69,2.85,49,premium,0,7,0,494
P000950,Clothing,35.59,3.29,2.85,7,budget,1,2,0,225
P001879,Books,8.71,3.42,2.85,4,budget,1,6,0,732
P002490,Sports & Outdoors,146.05,2.89,2.85,10,mid,0,2,1,1218
P002204,Clothing,41.5,3.49,2.85,49,mid,1,7,1,1207
P004260,Clothing,24.56,3.03,2.85,45,premium,1,2,0,402
P003200,Food & Grocery,31.86,3.77,2.85,25,mid,0,6,0,438
P002390,Electronics,565.58,2.89,2.85,96,mid,1,4,1,429
P000449,Electronics,113.5,3.65,2.85,21,mid,0,6,0,1598
P003889,Food & Grocery,23.81,2.96,2.85,19,budget,1,5,1,1411
P004983,Clothing,14.49,3.49,2.85,7,mid,1,0,0,396
P001621,Clothing,171.49,2.64,2.85,61,budget,0,2,0,981
P002668,Electronics,221.33,2.94,2.85,131,budget,1,6,0,1696
P000403,Toys & Games,40.26,3.62,2.85,44,budget,1,4,0,958
P000207,Electronics,404.72,3.38,2.85,19,budget,1,4,1,1749
P002194,Electronics,148.53,2.94,2.85,17,budget,0,2,0,210
P000483,Sports & Outdoors,70.6,3.13,2.85,83,budget,0,5,0,193
P004747,Home & Kitchen,96.38,2.97,2.85,76,budget,1,5,1,1365
P004845,Home & Kitchen,89.44,3.92,2.85,11,mid,1,1,1,1557
P004250,Toys & Games,45.73,3.7,2.85,1,mid,1,5,1,393
P004733,Home & Kitchen,81.91,3.43,2.85,55,premium,1,1,0,1418
P003202,Food & Grocery,14.17,3.12,2.84,86,mid,1,7,1,1018
P003397,Electronics,153.87,3.59,2.84,20,budget,1,7,0,699
P002235,Beauty,31.31,2.74,2.84,41,budget,1,2,0,796
P004014,Electronics,88.03,3.03,2.84,29,mid,0,5,0,662
P003175,Beauty,39.07,3.26,2.84,25,mid,1,6,0,1046
P003197,Books,10.69,3.7,2.84,0,budget,1,7,1,1301
P002027,Toys & Games,50.47,3.11,2.84,3,budget,1,7,0,1128
P000937,Food & Grocery,17.17,3.97,2.84,93,mid,1,1,1,1384
P002760,Books,14.07,3.28,2.84,69,budget,0,1,0,1468
P000306,Home & Kitchen,28.82,2.93,2.84,5,premium,1,5,0,540
P003167,Electronics,230.23,3.62,2.84,28,premium,1,6,0,1177
P001710,Clothing,30.52,3.39,2.84,107,mid,1,0,0,257
P002119,Electronics,98.87,3.52,2.84,5,budget,0,4,0,505
P001510,Beauty,20.29,3.26,2.84,48,budget,1,7,1,1186
P000438,Books,28.38,3.06,2.84,493,mid,0,0,0,1691
P004589,Sports & Outdoors,27.96,3.08,2.84,6,budget,1,3,0,1317
P004195,Clothing,84.99,3.43,2.84,19,mid,0,7,0,570
P003663,Health,22.56,3.57,2.83,25,mid,0,6,1,1558
P004944,Automotive,45.17,3.44,2.83,33,mid,1,2,1,1033
P002634,Sports & Outdoors,77.86,2.66,2.83,83,premium,0,2,1,1420
P001735,Health,39.48,3.98,2.83,13,budget,1,5,0,1776
P001007,Food & Grocery,55.88,3.21,2.83,89,budget,1,1,0,986
P001037,Home & Kitchen,66.4,3.23,2.83,354,budget,0,4,0,487
P003478,Health,10.25,3.59,2.83,28,budget,1,0,0,667
P001442,Electronics,81.23,3.75,2.83,50,mid,1,1,0,1150
P000378,Home & Kitchen,73.67,3.05,2.83,38,premium,1,5,0,950
P000297,Automotive,66.97,3.7,2.83,2,mid,1,7,0,1794
P001932,Sports & Outdoors,80.17,3.55,2.83,141,mid,1,5,0,1254
P000369,Clothing,84.72,3.6,2.83,51,budget,1,6,1,966
P002169,Clothing,69.57,2.97,2.83,33,premium,1,2,1,1616
P000538,Electronics,267.14,3.3,2.83,48,budget,0,0,0,337
P000079,Books,5.03,3.02,2.83,5,budget,1,7,0,1112
P001416,Toys & Games,16.1,2.59,2.83,64,mid,1,7,0,184
P001216,Books,23.78,3.31,2.83,221,mid,0,0,0,779
P004502,Home & Kitchen,92.66,3.4,2.83,14,mid,1,6,0,1353
P002862,Books,12.57,3.25,2.83,38,mid,0,3,1,1527
P003674,Home & Kitchen,45.79,2.98,2.83,34,budget,0,6,0,944
P001884,Beauty,23.38,3.08,2.83,18,mid,1,1,0,746
P004092,Toys & Games,38.84,2.98,2.83,12,mid,1,1,0,1027
P000744,Electronics,275.31,3.89,2.82,53,mid,1,7,0,577
P000224,Food & Grocery,41.12,2.69,2.82,7,premium,1,6,0,42
P003858,Home & Kitchen,88.38,2.88,2.82,137,mid,1,4,0,1029
P003009,Electronics,80.61,3.19,2.82,95,mid,1,5,0,1466
P004812,Beauty,39.63,3.51,2.82,112,mid,0,0,0,1770
P003003,Clothing,75.01,3.53,2.82,10,mid,1,3,1,560
P001319,Beauty,39.04,3.39,2.82,12,budget,0,7,1,692
P003710,Beauty,42.74,3.11,2.82,7,mid,0,1,0,1018
P001498,Sports & Outdoors,22.42,3.79,2.82,7,budget,1,3,0,1075
P002146,Food & Grocery,22.56,3.23,2.82,59,budget,1,7,0,750
P003551,Health,78.15,2.86,2.82,17,mid,1,7,0,567
P001934,Toys & Games,32.97,3.65,2.82,31,budget,1,0,0,1055
P004473,Sports & Outdoors,83.39,2.92,2.82,52,mid,1,2,0,539
P004256,Electronics,100.24,3.43,2.82,12,mid,0,1,0,1213
P003531,Electronics,175.52,2.87,2.82,38,mid,0,5,0,1443
P001986,Food & Grocery,18.5,2.94,2.82,141,premium,0,1,0,487
P002344,Clothing,63.61,3.44,2.82,8,budget,1,0,0,767
P002128,Clothing,17.18,3.24,2.82,11,mid,1,7,0,328
P004830,Health,24.94,2.71,2.82,41,budget,1,2,0,1571
P004920,Home & Kitchen,77.98,3.24,2.82,13,mid,1,5,0,1398
P003688,Food & Grocery,23.7,2.96,2.82,309,budget,0,1,0,272
P001240,Electronics,138.44,2.41,2.82,52,budget,0,4,0,1140
P000556,Clothing,25.62,3.2,2.82,7,mid,0,6,0,779
P002073,Clothing,136.62,3.32,2.81,6,mid,0,3,0,376
P002689,Clothing,52.79,2.47,2.81,21,mid,1,5,1,899
P004739,Electronics,212.22,3.47,2.81,116,budget,1,1,0,815
P002538,Home & Kitchen,47.96,3.27,2.81,17,budget,1,1,0,455
P002166,Clothing,34.87,3.5,2.81,77,mid,0,0,1,1305
P003506,Books,15.84,2.78,2.81,11,mid,0,7,0,1070
P001505,Toys & Games,15.85,2.64,2.81,56,mid,1,7,0,1641
P004555,Clothing,25.01,3.34,2.81,12,premium,0,6,1,1296
P001502,Automotive,59.34,3.17,2.81,31,budget,0,1,0,321
P004894,Clothing,33.85,2.72,2.81,6,budget,1,5,1,628
P000149,Home & Kitchen,49.66,2.97,2.81,33,mid,0,4,0,1267
P003067,Home & Kitchen,23.11,3.47,2.81,69,budget,1,0,1,1741
P001188,Automotive,110.38,2.55,2.81,35,premium,1,1,1,1108
P003562,Books,9.96,3.68,2.81,11,budget,0,0,1,952
P001467,Home & Kitchen,112.21,2.94,2.81,33,mid,0,4,1,332
P004151,Clothing,68.02,3.79,2.81,34,mid,1,5,0,1222
P001755,Home & Kitchen,24.67,3.25,2.81,22,mid,0,5,0,638
P002878,Home & Kitchen,75.38,3.22,2.81,19,budget,1,2,0,1579
P004338,Electronics,78.76,3.77,2.81,28,mid,0,6,1,451
P002922,Electronics,259.24,3.2,2.81,18,premium,1,6,0,794
P000682,Clothing,119.29,2.87,2.81,6,budget,0,0,0,1326
P004413,Beauty,31.57,2.72,2.81,6,premium,1,0,1,1015
P000631,Food & Grocery,28.4,2.92,2.81,39,mid,1,6,0,82
P000858,Health,49.85,3.12,2.8,10,premium,1,7,0,752
P003652,Clothing,66.32,2.98,2.8,46,mid,1,2,0,1407
P000225,Clothing,41.49,3.34,2.8,24,premium,0,6,0,1170
P003252,Books,11.03,3.55,2.8,38,premium,0,7,0,804
P003400,Sports & Outdoors,99.64,2.67,2.8,110,budget,0,3,1,1355
P001936,Electronics,214.62,3.09,2.8,20,budget,0,0,0,983
P003643,Toys & Games,18.45,2.86,2.8,21,premium,1,1,0,505
P000434,Toys & Games,42.99,3.02,2.8,35,budget,0,4,0,512
P003713,Automotive,45.75,3.32,2.8,44,mid,0,2,0,1627
P000033,Clothing,60.76,3.03,2.8,207,mid,1,1,0,1132
P000896,Health,174.28,2.77,2.8,44,mid,1,6,1,1673
P004419,Electronics,347.15,3.3,2.8,66,mid,1,6,0,946
P000822,Sports & Outdoors,54.99,3.3,2.8,31,mid,1,2,0,1384
P002161,Home & Kitchen,25.32,3.23,2.79,42,premium,1,4,1,818
P001440,Automotive,43.19,2.93,2.79,14,mid,1,6,0,200
P001096,Home & Kitchen,120.31,3.14,2.79,12,premium,0,6,0,840
P004194,Toys & Games,42.99,3.36,2.79,47,mid,0,7,0,1383
P001212,Toys & Games,36.49,2.55,2.79,202,budget,0,1,0,1014
P003828,Clothing,39.53,3.02,2.79,277,mid,1,0,0,1284
P000703,Electronics,248.28,3.57,2.79,234,mid,0,4,1,1390
P004177,Sports & Outdoors,49.23,2.79,2.79,2,mid,1,0,0,1377
P003229,Sports & Outdoors,120.28,3.53,2.79,84,budget,1,6,0,1614
P000782,Food & Grocery,27.62,3.81,2.79,127,budget,1,6,0,225
P002720,Books,14.2,2.72,2.79,49,budget,1,6,0,259
P003845,Food & Grocery,18.11,3.27,2.79,63,mid,0,2,0,439
P004528,Beauty,24.41,3.13,2.79,311,budget,0,0,0,354
P000292,Electronics,286.06,2.98,2.79,14,premium,0,5,0,469
P004040,Toys & Games,28.12,3.48,2.79,8,budget,1,4,0,170
P003187,Beauty,19.14,2.67,2.78,205,premium,1,3,0,1245
P001876,Toys & Games,30.79,3.35,2.78,24,mid,1,0,0,273
P000154,Books,38.15,2.52,2.78,240,mid,1,4,1,1319
P001847,Clothing,11.2,3.78,2.78,49,premium,0,4,0,864
P002058,Home & Kitchen,35.58,3.3,2.78,6,premium,0,5,0,787
P002594,Electronics,126.59,3.26,2.78,2,mid,1,1,0,967
P002823,Electronics,161.74,3.46,2.78,28,mid,1,7,0,434
P000594,Sports & Outdoors,86.37,3.32,2.78,13,mid,1,2,0,30
P001980,Clothing,172.49,3.35,2.78,38,budget,1,1,0,1278
P003065,Home & Kitchen,62.03,3.37,2.78,26,mid,1,7,0,579
P002660,Clothing,20.6,3.27,2.78,43,mid,0,7,1,1223
P000994,Clothing,50.06,3.08,2.78,52,budget,1,3,0,1649
P000960,Books,17.63,3.45,2.78,14,budget,1,4,0,1214
P004492,Health,59.3,3.02,2.78,21,mid,1,6,0,866
P004989,Food & Grocery,47.34,3.16,2.78,19,budget,0,4,0,1784
P000044,Clothing,50.35,3.38,2.78,11,mid,0,4,0,934
P000126,Books,20.72,3.14,2.78,345,budget,0,5,0,1083
P003908,Health,101.67,2.8,2.78,261,budget,1,0,0,1547
P004814,Food & Grocery,31.92,2.81,2.78,114,budget,0,5,0,92
P003885,Automotive,49.72,3.4,2.78,2,premium,0,6,0,1683
P000695,Health,55.16,3.66,2.78,14,mid,1,6,0,657
P004605,Beauty,30.27,3.26,2.77,123,premium,0,0,0,1329
P003853,Home & Kitchen,54.25,2.88,2.77,46,budget,1,3,0,1107
P002850,Home & Kitchen,81.19,3.09,2.77,180,mid,0,0,0,896
P004746,Electronics,174.51,3.46,2.77,52,mid,0,4,1,1736
P002267,Beauty,21.51,3.08,2.77,134,mid,1,2,0,1220
P000285,Books,20.01,3.11,2.77,218,premium,1,3,0,498
P004453,Sports & Outdoors,39.82,2.46,2.77,12,budget,1,5,0,1345
P000028,Electronics,296.31,3.52,2.77,27,mid,0,4,0,1725
P002832,Home & Kitchen,39.22,3.61,2.77,10,mid,1,2,0,1720
P002462,Beauty,13.39,3.0,2.77,9,mid,0,2,0,1136
P000927,Electronics,147.53,3.92,2.77,8,premium,0,2,1,83
P000789,Toys & Games,28.62,2.94,2.77,51,mid,1,0,1,1254
P003639,Toys & Games,32.06,3.18,2.77,8,mid,1,0,0,1344
P003232,Electronics,173.14,3.11,2.77,17,premium,0,3,0,1727
P003991,Automotive,55.13,3.67,2.77,25,mid,0,4,0,1619
P001491,Electronics,486.33,3.34,2.77,174,budget,1,4,0,1006
P004479,Toys & Games,15.14,2.92,2.77,14,mid,1,5,0,1448
P004108,Beauty,18.9,3.23,2.76,27,mid,0,3,0,718
P004855,Electronics,189.68,3.14,2.76,30,mid,0,5,0,1535
P001629,Clothing,48.0,2.87,2.76,267,mid,0,1,0,715
P004039,Home & Kitchen,75.94,3.01,2.76,225,budget,0,1,0,577
P004332,Food & Grocery,21.4,2.58,2.76,31,budget,0,6,0,339
P000271,Electronics,84.6,3.09,2.76,8,premium,1,6,0,1750
P001121,Sports & Outdoors,28.35,2.77,2.76,55,budget,1,0,0,1774
P001711,Toys & Games,32.73,3.15,2.76,6,premium,0,4,1,427
P000623,Automotive,19.73,3.31,2.76,39,budget,1,3,0,1458
P001038,Home & Kitchen,56.96,3.46,2.76,29,budget,1,2,0,1465
P002586,Home & Kitchen,59.11,3.19,2.76,27,mid,1,4,0,617
P002469,Sports & Outdoors,52.72,2.86,2.76,9,mid,1,7,0,1159
P002644,Health,49.22,2.83,2.76,4,mid,1,1,1,248
P001931,Sports & Outdoors,51.43,3.24,2.76,172,budget,0,7,0,924
P000241,Toys & Games,47.38,3.05,2.76,34,mid,1,2,0,1796
P001430,Home & Kitchen,117.47,3.02,2.76,53,premium,1,0,0,88
P000487,Home & Kitchen,182.03,2.78,2.76,23,premium,1,3,0,1336
P000851,Electronics,83.02,3.1,2.75,42,premium,1,3,0,1261
P001268,Automotive,55.08,2.65,2.75,21,budget,0,6,0,525
P001561,Automotive,175.77,2.74,2.75,11,mid,0,7,0,108
P004810,Books,15.02,2.93,2.75,15,mid,1,2,0,35
P004551,Electronics,84.9,2.99,2.75,23,budget,0,4,1,764
P004815,Home & Kitchen,233.58,3.1,2.75,23,mid,1,2,1,1223
P004886,Health,66.17,3.38,2.75,6,premium,0,7,0,1366
P000819,Sports & Outdoors,51.22,3.18,2.75,35,premium,1,7,0,1673
P000577,Health,53.5,3.85,2.75,217,premium,1,6,0,1165
P003315,Clothing,32.18,3.23,2.75,17,mid,1,3,0,1419
P002141,Health,40.22,2.97,2.75,27,mid,1,0,0,541
P001220,Electronics,336.78,3.34,2.75,60,budget,1,2,0,425
P000811,Electronics,108.06,3.92,2.75,354,premium,1,1,0,537
P002897,Automotive,38.56,2.77,2.75,2,premium,1,7,0,162
P004925,Home & Kitchen,17.82,3.47,2.75,55,premium,0,2,0,592
P002241,Clothing,19.32,3.37,2.75,101,budget,1,5,0,1547
P003098,Home & Kitchen,155.27,3.36,2.75,23,mid,1,3,1,1250
P003368,Sports & Outdoors,74.37,3.33,2.75,4,budget,0,2,0,190
P004445,Electronics,135.88,2.88,2.74,8,mid,0,1,0,1147
P001276,Clothing,129.64,3.45,2.74,48,budget,0,1,0,376
P003666,Home & Kitchen,134.24,3.43,2.74,214,premium,1,7,0,1710
P001571,Home & Kitchen,132.32,3.24,2.74,68,mid,1,6,0,1455
P001302,Books,18.4,2.77,2.74,43,premium,1,0,0,1590
P001846,Sports & Outdoors,85.65,2.98,2.74,14,premium,0,2,1,984
P001530,Clothing,22.85,3.25,2.74,16,mid,1,5,0,1649
P003822,Sports & Outdoors,28.26,2.55,2.74,49,budget,0,2,0,215
P002769,Health,86.68,3.16,2.74,15,premium,1,3,0,1282
P002383,Electronics,376.24,3.16,2.74,32,mid,1,2,0,1177
P000660,Home & Kitchen,77.18,3.53,2.74,285,mid,0,0,0,1685
P003073,Toys & Games,85.81,2.96,2.74,97,premium,0,7,1,1614
P000704,Health,93.58,2.99,2.74,27,premium,1,4,0,1132
P000298,Toys & Games,113.88,3.42,2.74,5,mid,0,4,1,900
P002962,Automotive,75.5,2.95,2.74,9,premium,1,5,0,770
P003596,Automotive,84.82,3.01,2.74,17,mid,0,2,1,328
P002572,Books,4.43,2.84,2.74,36,mid,0,3,0,336
P000544,Automotive,67.39,3.5,2.74,55,mid,1,3,1,1276
P002578,Health,91.77,3.25,2.74,266,budget,0,4,0,281
P001381,Home & Kitchen,30.48,2.7,2.74,62,budget,1,2,1,1075
P004483,Toys & Games,22.75,3.37,2.74,81,mid,1,1,1,1004
P000353,Books,6.95,3.1,2.73,103,mid,0,0,1,465
P004914,Food & Grocery,7.36,3.15,2.73,28,mid,0,5,0,1326
P002174,Electronics,253.09,3.58,2.73,23,mid,1,0,1,847
P003976,Clothing,143.59,2.73,2.73,57,mid,0,4,1,1229
P004680,Health,29.62,3.7,2.73,42,premium,0,6,0,1229
P000410,Automotive,130.82,3.35,2.73,97,budget,1,0,0,412
P003704,Beauty,15.47,3.53,2.73,20,mid,0,6,0,1286
P003171,Automotive,136.9,3.24,2.73,22,mid,0,6,0,1221
P002808,Beauty,32.42,3.34,2.73,37,mid,0,4,0,547
P003250,Home & Kitchen,92.15,2.51,2.73,9,premium,0,4,0,1710
P001225,Electronics,526.23,3.52,2.73,14,mid,1,0,0,76
P004790,Beauty,41.44,3.05,2.73,29,budget,1,3,0,1694
P003494,Sports & Outdoors,70.16,3.11,2.73,56,budget,1,1,0,1727
P000561,Electronics,247.29,3.35,2.73,117,mid,1,2,0,1787
P004519,Toys & Games,17.96,3.67,2.73,120,budget,1,0,0,1191
P004708,Home & Kitchen,104.63,4.1,2.73,37,premium,1,0,1,1729
P004356,Beauty,37.11,3.07,2.73,19,mid,0,1,0,1117
P003774,Toys & Games,32.58,3.29,2.73,20,mid,1,3,0,422
P003217,Home & Kitchen,37.52,3.2,2.73,37,budget,0,2,0,1498
P004364,Automotive,24.29,2.82,2.73,69,premium,1,5,0,1301
P001191,Home & Kitchen,30.86,3.3,2.73,25,budget,0,1,1,451
P002592,Health,42.69,3.14,2.73,36,mid,1,7,0,424
P001791,Toys & Games,18.53,2.75,2.73,73,budget,0,6,0,1087
P000724,Food & Grocery,32.16,3.57,2.73,36,mid,1,1,0,1120
P002694,Automotive,53.66,2.8,2.72,36,mid,1,0,1,1687
P003088,Home & Kitchen,49.3,3.18,2.72,10,budget,0,3,0,1362
P004145,Home & Kitchen,71.57,3.0,2.72,38,budget,0,0,1,33
P002798,Home & Kitchen,48.64,2.55,2.72,40,budget,1,6,0,305
P002744,Toys & Games,28.97,2.76,2.72,19,budget,0,0,0,245
P001061,Food & Grocery,31.74,2.45,2.72,57,mid,1,1,0,685
P001006,Home & Kitchen,87.96,3.37,2.72,183,premium,1,2,0,903
P001635,Automotive,69.05,2.68,2.72,49,premium,0,2,1,1058
P002971,Home & Kitchen,78.39,3.04,2.72,43,budget,1,6,1,1082
P000017,Books,17.05,2.66,2.72,82,budget,1,0,1,1512
P000418,Toys & Games,20.52,3.12,2.71,88,mid,1,6,0,64
P003391,Electronics,275.98,2.79,2.71,8,mid,0,2,0,1455
P001106,Toys & Games,7.23,3.68,2.71,41,mid,0,3,1,1160
P000296,Health,130.77,2.97,2.71,28,premium,1,0,0,722
P002236,Health,15.5,3.35,2.71,983,mid,1,3,0,1000
P004709,Electronics,178.52,3.12,2.71,21,budget,0,1,0,410
P002642,Beauty,5.75,2.84,2.71,9,mid,0,0,0,1151
P002861,Home & Kitchen,77.05,3.34,2.71,265,budget,1,1,0,71
P002690,Books,38.47,2.99,2.71,11,mid,1,2,0,70
P001156,Electronics,154.37,2.71,2.71,16,mid,1,7,1,1025
P001971,Clothing,96.56,2.98,2.71,15,budget,0,5,0,795
P003058,Electronics,133.73,3.42,2.71,107,premium,0,0,0,386
P003134,Electronics,202.21,2.18,2.71,14,budget,0,6,0,1429
P002489,Electronics,244.22,3.16,2.71,46,mid,1,5,0,1749
P001841,Electronics,179.93,2.7,2.7,21,mid,1,3,0,1124
P003223,Beauty,25.45,3.31,2.7,75,budget,0,2,0,746
P000815,Electronics,438.22,3.2,2.7,83,mid,1,6,1,1170
P001313,Books,30.06,3.27,2.7,89,premium,1,3,0,1098
P004888,Beauty,23.48,2.93,2.7,93,mid,1,6,0,1031
P002541,Books,8.43,3.04,2.7,5,mid,0,1,0,1727
P004577,Toys & Games,47.87,3.6,2.7,40,mid,1,7,1,52
P001550,Clothing,94.82,2.6,2.7,54,mid,0,2,0,97
P003707,Clothing,94.03,3.39,2.7,17,mid,0,5,0,127
P001364,Electronics,138.32,3.2,2.7,53,mid,1,7,0,889
P001666,Health,29.3,2.91,2.7,61,budget,1,7,0,1131
P001317,Books,16.56,3.11,2.69,12,mid,0,1,0,243
P000661,Clothing,21.74,3.02,2.69,155,mid,0,5,0,37
P000094,Home & Kitchen,99.56,3.13,2.69,9,mid,0,6,0,959
P000100,Automotive,147.46,2.57,2.69,70,mid,1,1,0,114
P002847,Clothing,118.82,3.54,2.69,7,mid,0,2,1,508
P003598,Health,42.93,3.12,2.69,434,premium,1,7,0,1214
P000399,Home & Kitchen,41.46,2.98,2.69,26,premium,1,1,0,708
P003027,Clothing,70.21,3.25,2.69,50,budget,0,3,1,891
P001778,Home & Kitchen,43.18,3.35,2.69,26,premium,0,1,1,742
P001446,Books,21.29,3.01,2.69,35,mid,1,0,1,1365
P001995,Home & Kitchen,50.68,2.51,2.69,16,mid,1,1,0,949
P002967,Clothing,81.75,3.37,2.69,31,budget,1,6,0,635
P001289,Home & Kitchen,11.1,2.36,2.69,10,premium,1,7,0,472
P002708,Clothing,69.14,2.73,2.69,43,mid,0,4,0,266
P000415,Electronics,793.81,3.27,2.69,6,mid,0,4,0,928
P001616,Clothing,48.3,3.22,2.69,17,premium,1,7,0,1740
P001288,Clothing,67.26,3.46,2.69,183,premium,1,6,0,566
P000903,Electronics,73.54,3.5,2.68,10,budget,0,0,0,309
P004973,Clothing,37.24,2.94,2.68,10,mid,1,6,0,1083
P004899,Health,55.21,3.64,2.68,60,premium,0,3,0,80
P004280,Beauty,19.25,2.95,2.68,12,mid,0,6,0,975
P003734,Books,13.33,3.01,2.68,42,budget,1,0,0,836
P003746,Beauty,14.46,2.85,2.68,13,mid,0,2,0,1147
P003092,Food & Grocery,23.02,2.83,2.68,10,premium,0,2,1,1199
P003503,Electronics,174.62,2.79,2.68,10,budget,1,5,0,1069
P004467,Electronics,168.62,3.38,2.68,23,budget,1,3,0,653
P002063,Books,5.35,2.63,2.68,58,premium,0,0,1,1640
P003289,Electronics,93.68,2.74,2.68,217,mid,0,4,1,1142
P001297,Electronics,214.2,2.87,2.68,25,premium,1,1,0,1486
P000829,Health,49.21,2.86,2.68,110,premium,0,3,0,1013
P004172,Beauty,12.86,3.34,2.68,22,budget,1,3,0,667
P004946,Toys & Games,29.82,2.69,2.68,25,mid,0,0,1,623
P002486,Home & Kitchen,53.67,2.96,2.68,14,mid,1,6,0,918
P000006,Automotive,97.74,3.2,2.68,182,premium,1,3,1,1794
P001585,Sports & Outdoors,102.3,3.19,2.68,54,premium,1,3,0,1210
P002711,Automotive,245.51,2.95,2.67,64,premium,1,5,0,335
P000152,Health,76.3,3.06,2.67,49,mid,1,4,0,1433
P001423,Home & Kitchen,35.76,3.18,2.67,44,mid,1,7,0,1167
P001310,Food & Grocery,61.54,3.15,2.67,3,mid,1,6,1,863
P002566,Home & Kitchen,51.5,2.92,2.67,95,budget,0,1,0,445
P001860,Clothing,31.51,3.5,2.67,30,mid,0,5,0,956
P003778,Electronics,93.94,2.64,2.67,0,mid,1,6,0,514
P002858,Home & Kitchen,105.05,3.19,2.67,126,mid,1,2,0,1417
P004094,Clothing,43.14,3.47,2.67,24,mid,1,3,0,388
P002289,Clothing,49.75,3.05,2.67,9,mid,1,2,0,1039
P002954,Food & Grocery,26.06,3.23,2.67,73,mid,1,6,0,454
P002106,Beauty,14.58,3.11,2.67,85,budget,0,6,0,252
P003317,Beauty,19.17,2.94,2.67,11,mid,0,6,1,1577
P003902,Toys & Games,30.78,2.85,2.67,22,mid,0,0,0,878
P001632,Health,25.7,3.34,2.67,12,premium,0,2,0,1693
P002170,Books,21.21,3.49,2.67,8,premium,1,2,0,467
P001849,Home & Kitchen,48.38,2.79,2.66,10,mid,1,4,0,100
P004610,Automotive,93.65,2.85,2.66,2,budget,1,3,0,1666
P003618,Electronics,334.0,3.42,2.66,22,premium,1,1,0,1467
P001407,Automotive,34.78,2.96,2.66,10,mid,1,5,0,1279
P000795,Electronics,154.16,2.88,2.66,2,budget,1,6,0,1397
P001947,Clothing,90.92,2.89,2.66,161,budget,1,6,0,1785
P004959,Home & Kitchen,43.74,3.19,2.66,31,mid,1,5,0,1121
P002331,Sports & Outdoors,66.57,2.84,2.66,177,budget,0,1,0,1002
P000691,Clothing,50.61,4.12,2.66,27,mid,1,6,0,493
P002879,Books,20.59,3.66,2.66,17,budget,1,2,1,254
P000479,Sports & Outdoors,62.79,3.18,2.66,14,mid,1,2,0,1672
P000201,Toys & Games,21.21,3.49,2.66,42,mid,1,6,0,120
P001080,Clothing,18.87,3.22,2.66,140,budget,0,4,1,1108
P002422,Clothing,49.65,2.87,2.66,15,premium,1,7,1,1335
P003660,Electronics,382.51,3.48,2.66,9,mid,1,4,1,712
P001185,Electronics,249.58,2.9,2.66,217,budget,1,6,0,1021
P001656,Home & Kitchen,23.04,2.64,2.66,43,mid,1,3,0,228
P004100,Health,11.37,3.5,2.66,138,budget,0,5,1,30
P003620,Automotive,183.14,2.6,2.66,6,budget,0,5,1,538
P000619,Electronics,263.57,3.08,2.65,71,budget,1,4,0,222
P001039,Home & Kitchen,59.74,3.14,2.65,124,mid,1,3,0,1457
P004197,Electronics,142.91,2.83,2.65,61,budget,1,4,1,1702
P003572,Electronics,350.64,3.22,2.65,9,budget,0,5,0,668
P002883,Books,10.16,3.03,2.65,12,mid,0,2,0,896
P003483,Toys & Games,26.75,3.58,2.65,40,budget,0,2,0,1362
P004787,Clothing,52.95,3.29,2.65,10,mid,1,6,0,931
P004793,Clothing,16.23,2.73,2.65,38,mid,0,6,1,182
P000083,Toys & Games,46.6,2.91,2.65,18,mid,1,4,0,1718
P001026,Clothing,126.16,3.2,2.65,24,premium,1,1,1,1109
P003351,Electronics,197.01,3.24,2.65,45,mid,0,3,1,67
P000943,Electronics,83.33,2.67,2.65,60,mid,1,2,0,1057
P002105,Sports & Outdoors,31.22,3.4,2.65,351,budget,1,0,1,271
P000955,Food & Grocery,13.52,3.35,2.65,24,mid,0,3,0,1021
P003788,Electronics,160.14,3.38,2.65,21,mid,1,4,0,804
P004663,Home & Kitchen,37.74,3.27,2.65,165,mid,1,7,1,1268
P004586,Toys & Games,13.54,3.37,2.65,35,mid,0,1,0,1060
P004231,Automotive,69.89,2.9,2.65,12,budget,0,5,0,195
P003644,Electronics,184.19,3.34,2.65,4,mid,1,2,0,1125
P000313,Clothing,61.16,2.98,2.65,15,budget,1,2,0,675
P000671,Electronics,101.22,3.01,2.64,27,mid,1,5,1,871
P004236,Electronics,323.87,3.17,2.64,42,mid,1,3,0,1777
P004662,Food & Grocery,13.9,3.19,2.64,45,mid,0,2,0,1541
P002135,Books,14.22,2.6,2.64,24,budget,1,6,0,386
P001130,Automotive,66.98,2.8,2.64,15,mid,1,6,0,803
P001138,Home & Kitchen,101.79,2.9,2.64,50,budget,1,6,1,573
P000123,Electronics,154.57,2.96,2.64,5,mid,0,4,0,1402
P000098,Electronics,202.2,3.11,2.64,5,premium,0,3,0,1305
P002493,Electronics,266.16,3.55,2.64,13,mid,1,0,0,1205
P001195,Health,45.22,3.05,2.64,248,budget,0,5,0,820
P001643,Home & Kitchen,86.4,3.04,2.64,8,premium,1,1,0,251
P004523,Toys & Games,54.39,3.41,2.64,11,budget,1,6,1,149
P002273,Beauty,40.41,2.19,2.64,129,budget,1,5,0,815
P004438,Clothing,32.72,3.04,2.64,3,mid,1,3,0,963
P001905,Sports & Outdoors,163.36,3.05,2.63,7,mid,1,0,0,1467
P003195,Sports & Outdoors,73.17,2.79,2.63,2,mid,1,7,0,1384
P003330,Clothing,25.97,3.11,2.63,325,budget,0,5,0,431
P000627,Toys & Games,18.15,2.94,2.63,31,premium,0,5,0,162
P003135,Beauty,13.41,2.84,2.63,6,budget,1,0,0,864
P004239,Books,2.65,2.6,2.63,154,premium,1,6,0,1045
P003129,Beauty,17.39,3.32,2.63,20,premium,0,5,0,91
P003770,Sports & Outdoors,49.43,3.06,2.63,69,mid,0,7,1,1018
P002793,Beauty,58.7,3.44,2.63,95,mid,1,4,1,297
P001309,Electronics,192.47,2.52,2.63,6,premium,0,5,0,1029
P000551,Home & Kitchen,216.98,3.1,2.63,7,mid,1,0,0,40
P001653,Clothing,37.46,2.65,2.63,89,premium,1,4,0,510
P004410,Electronics,292.65,2.81,2.63,46,budget,0,3,0,1641
P002993,Clothing,40.03,3.0,2.63,164,budget,1,7,0,678
P002424,Electronics,132.59,2.62,2.62,13,budget,0,7,0,1423
P000430,Toys & Games,71.98,2.63,2.62,20,premium,0,6,1,1656
P002693,Health,55.83,3.29,2.62,111,premium,0,5,0,1757
P001623,Toys & Games,76.33,3.31,2.62,36,budget,1,3,0,292
P003500,Health,38.64,2.78,2.62,51,budget,0,1,0,860
P002957,Electronics,90.74,2.89,2.62,109,mid,1,7,1,924
P002901,Home & Kitchen,67.72,3.04,2.62,351,budget,1,5,0,427
P004386,Food & Grocery,90.23,2.79,2.62,17,budget,1,0,0,948
P004382,Clothing,63.45,2.99,2.62,36,premium,1,0,0,856
P003760,Electronics,215.03,3.22,2.62,29,mid,1,3,1,1732
P003236,Electronics,286.19,2.85,2.62,79,mid,1,1,1,662
P000144,Books,14.15,3.47,2.62,8,premium,1,7,0,991
P000121,Sports & Outdoors,38.04,2.52,2.62,18,budget,1,4,0,735
P004838,Electronics,63.79,2.56,2.62,8,budget,1,1,0,227
P000019,Toys & Games,67.95,2.98,2.61,15,budget,1,1,0,1183
P000214,Toys & Games,14.32,3.09,2.61,95,budget,0,4,0,1416
P000882,Sports & Outdoors,276.2,3.18,2.61,30,budget,1,1,1,1495
P003403,Books,15.83,2.96,2.61,19,mid,1,5,0,1169
P000816,Health,56.43,2.78,2.61,152,mid,0,5,0,994
P002531,Sports & Outdoors,75.11,2.76,2.61,4,premium,1,0,0,1071
P001584,Clothing,38.13,2.91,2.61,90,mid,0,7,1,205
P001891,Clothing,19.45,2.85,2.61,199,premium,1,0,0,1749
P003097,Electronics,170.99,3.23,2.61,9,budget,0,2,0,1166
P003110,Food & Grocery,20.84,2.95,2.61,66,budget,0,0,0,91
P003452,Books,8.82,3.13,2.61,268,budget,0,0,0,1657
P002797,Sports & Outdoors,30.11,2.76,2.61,7,mid,0,3,0,1202
P000915,Automotive,147.3,3.27,2.61,125,mid,1,0,0,1513
P003173,Beauty,47.54,2.55,2.61,14,premium,1,5,1,1098
P003447,Beauty,38.81,2.65,2.61,153,budget,0,4,0,527
P003738,Beauty,25.85,3.19,2.61,9,budget,1,0,0,1675
P001239,Electronics,94.02,2.57,2.61,51,budget,0,6,0,804
P001801,Sports & Outdoors,188.3,2.96,2.61,18,budget,1,6,0,101
P000980,Clothing,89.01,3.05,2.61,724,budget,0,5,0,369
P002696,Electronics,183.44,2.56,2.61,388,premium,0,4,0,57
P000611,Books,11.67,3.23,2.61,99,mid,0,3,1,1171
P000942,Health,30.2,3.14,2.61,186,premium,1,7,0,1134
P001981,Health,50.63,3.16,2.61,14,budget,0,0,0,549
P004770,Beauty,12.27,2.69,2.6,6,mid,1,0,1,1579
P003032,Electronics,264.43,3.46,2.6,14,mid,0,7,0,655
P002301,Food & Grocery,23.0,2.91,2.6,280,budget,1,3,0,545
P003777,Beauty,30.44,3.34,2.6,12,premium,1,4,0,747
P003126,Clothing,50.56,3.14,2.6,9,mid,1,6,0,749
P002468,Sports & Outdoors,140.67,2.89,2.6,63,mid,0,7,0,1670
P003973,Books,23.76,3.18,2.6,5,mid,0,1,0,133
P003994,Clothing,14.59,3.0,2.6,33,budget,0,7,1,64
P003296,Automotive,100.35,2.34,2.6,33,mid,0,3,0,182
P002891,Electronics,178.47,2.44,2.6,13,budget,0,4,0,944
P002836,Sports & Outdoors,42.12,2.94,2.6,125,budget,1,1,0,1680
P002710,Sports & Outdoors,31.92,3.72,2.6,25,mid,0,2,0,185
P003191,Clothing,102.92,3.42,2.6,7,mid,1,1,0,257
P002764,Clothing,20.23,3.13,2.59,21,budget,0,1,0,1273
P003769,Sports & Outdoors,90.75,2.87,2.59,9,budget,1,6,1,671
P000801,Beauty,46.62,3.41,2.59,39,mid,1,4,0,1132
P001326,Health,36.59,2.99,2.59,16,mid,0,6,0,242
P004281,Electronics,399.1,2.84,2.59,157,premium,1,6,0,1495
P000395,Electronics,263.63,2.35,2.59,5,premium,1,2,0,1614
P003821,Toys & Games,14.12,2.39,2.59,17,premium,0,2,0,1309
P004734,Clothing,71.88,3.11,2.59,39,mid,0,4,0,858
P002320,Food & Grocery,11.99,2.68,2.59,185,mid,0,5,0,1172
P004111,Clothing,23.3,2.73,2.59,51,mid,1,7,0,396
P000183,Books,29.12,2.89,2.59,430,mid,1,4,0,1148
P003249,Health,83.92,2.56,2.59,7,budget,1,0,0,158
P003052,Electronics,134.0,2.92,2.59,34,premium,0,1,0,322
P001176,Beauty,26.43,3.17,2.59,131,premium,0,4,0,637
P003036,Beauty,14.49,3.52,2.58,36,mid,1,7,0,1498
P000400,Home & Kitchen,42.24,2.28,2.58,21,mid,0,7,0,1240
P004848,Sports & Outdoors,59.1,3.49,2.58,78,premium,1,0,0,703
P003780,Automotive,109.82,3.11,2.58,75,mid,0,6,0,1557
P001776,Books,23.2,3.43,2.58,33,budget,1,2,0,1373
P003051,Health,107.68,3.16,2.58,51,mid,1,7,0,269
P004320,Home & Kitchen,201.63,2.95,2.58,47,mid,0,0,0,1555
P003808,Sports & Outdoors,29.61,3.1,2.58,24,mid,0,7,0,585
P004361,Clothing,49.91,2.51,2.58,46,mid,1,4,0,187
P001404,Clothing,65.37,2.92,2.58,28,mid,1,5,0,30
P004792,Electronics,93.97,2.6,2.58,54,mid,1,3,1,759
P000883,Food & Grocery,30.9,3.01,2.58,30,mid,1,2,0,761
P001141,Home & Kitchen,49.81,3.08,2.58,18,mid,1,2,0,1747
P002886,Clothing,105.33,3.44,2.58,169,premium,1,7,0,1710
P004096,Clothing,23.01,3.18,2.58,21,mid,0,4,0,327
P002048,Books,8.01,2.85,2.58,30,mid,1,2,1,500
P002242,Electronics,266.33,3.35,2.58,38,mid,0,2,0,1073
P002147,Electronics,452.73,3.34,2.58,62,premium,1,4,0,187
P000089,Electronics,95.09,2.73,2.58,21,budget,1,2,0,1547
P001913,Health,30.34,3.12,2.58,153,mid,1,0,0,854
P003094,Automotive,63.87,2.62,2.57,9,premium,1,1,0,692
P000921,Electronics,236.65,2.89,2.57,14,budget,1,2,0,579
P000459,Toys & Games,54.66,2.67,2.57,24,mid,1,0,0,478
P004336,Electronics,79.29,3.14,2.57,47,budget,1,7,0,1196
P002610,Home & Kitchen,48.48,3.37,2.57,15,mid,1,3,1,649
P003577,Toys & Games,39.01,2.63,2.57,15,mid,1,5,0,1038
P003927,Books,48.85,2.98,2.57,42,mid,1,4,0,1236
P003048,Sports & Outdoors,65.57,3.65,2.57,36,mid,1,0,0,233
P002785,Clothing,26.7,3.16,2.57,121,mid,0,4,0,631
P004679,Electronics,170.0,3.24,2.57,45,mid,1,4,0,997
P003547,Books,24.76,2.87,2.57,76,mid,0,5,0,755
P002454,Toys & Games,25.7,2.35,2.57,6,mid,1,4,0,993
P004113,Toys & Games,6.27,3.34,2.56,214,premium,1,0,0,566
P002436,Food & Grocery,16.46,2.78,2.56,12,budget,1,2,1,1714
P000646,Health,34.51,3.4,2.56,12,budget,0,2,0,68
P004699,Books,45.39,2.96,2.56,29,mid,0,4,1,1570
P000039,Clothing,43.63,3.04,2.56,1141,premium,1,6,1,538
P000113,Clothing,43.26,3.29,2.56,10,mid,1,2,1,1718
P002381,Health,20.35,3.0,2.56,1,mid,1,6,0,671
P000581,Books,30.87,3.06,2.56,104,premium,0,0,0,305
P003117,Electronics,136.58,2.52,2.56,6,mid,0,5,0,559
P004439,Clothing,31.94,3.23,2.56,31,mid,0,3,0,835
P003954,Beauty,13.93,2.54,2.56,47,mid,1,3,0,1192
P003288,Home & Kitchen,53.97,3.01,2.55,229,premium,0,7,0,142
P002389,Beauty,40.52,3.4,2.55,466,premium,0,7,0,1327
P004598,Clothing,20.59,3.0,2.55,19,budget,0,0,1,577
P001833,Home & Kitchen,43.14,2.91,2.55,19,mid,1,0,0,1523
P002946,Home & Kitchen,29.08,2.69,2.55,131,budget,0,0,0,712
P000076,Clothing,88.28,2.8,2.55,286,budget,1,3,0,860
P001951,Food & Grocery,9.62,2.98,2.55,54,mid,1,7,0,1649
P003021,Home & Kitchen,186.9,2.68,2.55,17,mid,1,7,0,1560
P002938,Electronics,273.04,3.08,2.55,14,premium,1,3,0,916
P002995,Books,12.84,2.94,2.55,12,premium,0,2,0,160
P003871,Home & Kitchen,14.78,2.85,2.55,125,mid,1,2,0,277
P003505,Beauty,17.48,2.8,2.55,141,mid,0,0,0,433
P002996,Home & Kitchen,54.77,3.42,2.55,56,mid,1,4,0,624
P004582,Toys & Games,40.78,3.09,2.55,108,budget,0,4,0,1491
P004860,Clothing,33.45,3.29,2.55,104,mid,0,3,0,1781
P002186,Electronics,477.12,2.79,2.55,4,budget,1,6,0,546
P001260,Automotive,69.1,2.53,2.55,122,budget,1,7,0,805
P003170,Sports & Outdoors,125.83,3.21,2.54,2,mid,1,7,0,749
P002379,Electronics,120.15,2.57,2.54,60,mid,1,6,1,678
P002053,Home & Kitchen,89.58,3.0,2.54,53,mid,0,3,0,1132
P003132,Health,48.45,2.96,2.54,29,premium,1,2,1,1580
P002663,Home & Kitchen,43.37,3.62,2.54,103,budget,0,6,1,349
P000588,Clothing,73.02,3.27,2.54,42,budget,1,2,0,910
P002735,Clothing,32.84,3.19,2.54,19,premium,1,7,0,1515
P001010,Home & Kitchen,94.22,2.18,2.54,68,budget,1,3,0,1678
P001369,Clothing,33.43,2.59,2.54,26,budget,1,2,0,330
P002576,Sports & Outdoors,53.43,2.71,2.54,182,premium,0,6,0,460
P004753,Home & Kitchen,151.15,2.92,2.54,18,budget,0,3,0,1627
P002318,Toys & Games,22.72,3.07,2.54,28,mid,0,7,0,767
P002794,Automotive,139.65,3.25,2.54,60,budget,0,2,1,50
P000595,Electronics,146.71,2.95,2.54,119,mid,1,6,0,1293
P000226,Food & Grocery,22.49,2.95,2.53,54,premium,1,0,0,414
P000499,Home & Kitchen,45.48,2.52,2.53,90,mid,0,6,0,853
P004977,Home & Kitchen,44.68,2.49,2.53,28,budget,1,0,0,1594
P003180,Books,44.85,2.96,2.53,17,mid,0,6,1,1750
P001338,Sports & Outdoors,64.67,2.87,2.53,75,premium,1,6,1,1413
P004575,Health,80.46,2.77,2.53,32,mid,1,3,0,215
P003348,Sports & Outdoors,91.85,2.38,2.53,61,mid,1,7,1,838
P003147,Beauty,40.48,3.16,2.53,46,mid,1,4,0,1781
P002276,Electronics,545.3,2.8,2.53,122,mid,1,2,1,1337
P004064,Sports & Outdoors,127.47,2.96,2.53,4,mid,1,0,0,805
P003489,Clothing,32.82,2.87,2.53,6,mid,1,7,0,1434
P003379,Home & Kitchen,35.26,3.07,2.53,6,budget,1,7,0,1766
P001034,Health,53.63,2.69,2.53,3,mid,1,6,1,451
P003692,Sports & Outdoors,34.31,2.9,2.53,44,mid,0,1,1,1740
P001018,Health,53.69,3.19,2.53,117,mid,1,1,1,1120
P000389,Electronics,55.61,2.84,2.53,42,mid,1,5,0,1140
P003951,Home & Kitchen,82.95,2.55,2.52,77,premium,1,3,0,1672
P001320,Health,24.25,3.1,2.52,6,premium,1,7,0,50
P004299,Books,36.78,2.67,2.52,148,premium,1,6,0,694
P002180,Automotive,183.98,3.01,2.52,72,mid,1,4,0,484
P003033,Clothing,38.46,2.9,2.52,157,budget,0,4,0,518
P000248,Home & Kitchen,73.35,2.86,2.52,23,budget,0,4,1,1128
P001464,Clothing,65.37,3.09,2.52,4,budget,1,2,0,752
P000346,Toys & Games,58.69,3.4,2.52,118,mid,0,4,0,692
P004402,Beauty,13.07,2.88,2.52,467,premium,1,3,0,272
P000489,Books,53.47,2.5,2.52,30,budget,1,1,0,109
P000287,Electronics,121.65,2.69,2.52,225,budget,1,5,1,1737
P002057,Automotive,57.67,3.07,2.52,56,mid,1,6,0,138
P001568,Electronics,489.56,2.5,2.52,7,mid,0,4,0,1787
P003453,Electronics,711.73,2.57,2.52,12,mid,0,0,0,1711
P000615,Clothing,32.46,3.23,2.52,11,budget,0,3,1,813
P003736,Automotive,79.43,2.98,2.52,77,mid,0,5,0,1469
P004360,Beauty,25.36,3.4,2.51,120,premium,0,7,0,1355
P002056,Home & Kitchen,130.58,2.41,2.51,34,premium,0,3,0,273
P003813,Books,15.05,3.27,2.51,94,budget,0,7,0,181
P004404,Clothing,61.75,2.71,2.51,17,budget,0,4,0,515
P003887,Automotive,88.38,3.07,2.51,49,premium,1,5,0,352
P002787,Beauty,53.36,3.16,2.51,259,budget,1,0,0,221
P003903,Beauty,36.42,2.94,2.51,13,mid,1,3,0,637
P003579,Beauty,19.93,3.35,2.51,35,premium,0,6,0,1777
P001091,Clothing,112.44,2.69,2.51,9,mid,1,3,1,1723
P003196,Home & Kitchen,198.57,3.04,2.51,20,premium,1,2,0,793
P004309,Food & Grocery,15.14,2.73,2.51,63,mid,0,0,0,1793
P000656,Home & Kitchen,68.14,2.81,2.51,15,budget,0,4,1,748
P003384,Books,17.51,2.84,2.51,1,mid,0,4,0,1076
P002466,Beauty,39.09,2.57,2.5,36,budget,1,0,1,1660
P003627,Health,39.15,3.69,2.5,49,budget,0,7,0,1759
P000776,Health,27.35,3.08,2.5,71,mid,1,1,0,1245
P004617,Electronics,280.44,3.03,2.5,30,mid,1,7,0,41
P003022,Beauty,20.42,2.21,2.5,43,budget,0,2,0,412
P001012,Sports & Outdoors,106.87,2.27,2.5,48,budget,1,0,0,715
P004333,Electronics,124.43,2.84,2.5,4,budget,1,2,0,169
P000082,Home & Kitchen,36.94,2.34,2.5,28,mid,1,4,1,1350
P004952,Beauty,22.74,2.96,2.5,7,mid,1,1,1,1710
P000012,Food & Grocery,30.77,2.44,2.5,91,premium,0,1,1,698
P003302,Clothing,51.73,3.14,2.5,23,premium,0,6,0,31
P004536,Electronics,629.13,3.31,2.5,11,mid,1,1,0,648
P002676,Books,28.28,3.29,2.5,93,mid,1,3,0,683
P004088,Sports & Outdoors,53.15,3.46,2.5,40,budget,0,6,0,1196
P004464,Automotive,66.03,3.16,2.49,59,mid,0,5,0,679
P002191,Electronics,236.67,2.71,2.49,10,mid,1,4,1,1796
P003063,Clothing,61.8,2.69,2.49,211,mid,1,3,0,1763
P003416,Clothing,64.76,2.66,2.49,31,mid,0,0,0,318
P004238,Health,17.21,2.95,2.49,10,mid,0,1,0,1207
P003241,Health,59.78,2.86,2.49,34,mid,0,2,0,772
P002207,Beauty,26.57,2.86,2.49,97,mid,0,0,0,1068
P002545,Books,20.3,2.7,2.49,13,budget,0,5,0,1151
P003912,Home & Kitchen,21.49,2.32,2.49,37,mid,0,0,0,1140
P002617,Clothing,111.26,3.28,2.49,220,budget,0,5,0,754
P004390,Sports & Outdoors,32.91,2.65,2.49,12,mid,0,1,1,1753
P002323,Home & Kitchen,85.69,3.31,2.49,22,mid,0,5,1,317
P001646,Home & Kitchen,62.37,2.91,2.49,44,mid,1,6,0,952
P004136,Electronics,450.22,2.83,2.48,115,mid,1,0,0,166
P001229,Food & Grocery,95.45,3.05,2.48,133,mid,1,2,0,1444
P000193,Electronics,179.66,2.99,2.48,31,budget,1,7,0,179
P000447,Automotive,199.18,3.33,2.48,48,budget,1,2,0,1494
P003300,Electronics,164.53,2.76,2.48,31,budget,1,5,0,1501
P002651,Automotive,210.34,2.5,2.48,120,premium,1,1,0,730
P000464,Clothing,48.4,2.76,2.48,6,mid,1,4,0,1154
P004719,Books,13.8,2.92,2.48,30,budget,0,3,0,1379
P000265,Food & Grocery,42.03,3.21,2.48,63,mid,0,5,1,978
P000259,Electronics,244.0,3.19,2.48,15,mid,1,5,0,891
P004974,Health,27.09,2.98,2.48,38,mid,1,2,0,776
P004972,Electronics,228.05,2.7,2.48,15,premium,0,7,0,1431
P002064,Electronics,132.13,2.4,2.47,45,mid,1,6,0,1185
P002688,Beauty,18.94,2.86,2.47,444,mid,0,4,0,1617
P004375,Sports & Outdoors,97.36,2.42,2.47,116,premium,1,2,0,404
P001210,Home & Kitchen,163.13,3.11,2.47,93,mid,1,6,0,1715
P002158,Clothing,62.84,2.82,2.47,14,premium,0,0,0,1740
P002853,Toys & Games,29.62,1.98,2.47,78,budget,0,3,0,633
P003816,Home & Kitchen,89.49,2.31,2.47,35,budget,1,6,1,1324
P000288,Home & Kitchen,17.7,2.29,2.47,307,mid,1,6,0,1369
P001166,Health,60.55,3.08,2.47,170,budget,1,6,0,340
P001071,Health,260.47,3.02,2.47,9,budget,1,7,1,133
P001088,Toys & Games,19.82,3.19,2.47,19,mid,1,0,0,1107
P001593,Food & Grocery,25.55,2.82,2.47,7,premium,1,2,1,871
P002532,Sports & Outdoors,105.66,3.44,2.47,18,mid,0,6,0,737
P001602,Electronics,162.57,2.19,2.47,9,budget,0,2,0,1409
P004905,Beauty,18.96,2.54,2.47,6,mid,0,3,0,1320
P003719,Food & Grocery,30.42,3.1,2.47,19,premium,1,5,0,1750
P002767,Home & Kitchen,114.75,2.75,2.47,33,premium,0,7,0,462
P000107,Home & Kitchen,70.74,2.7,2.47,61,budget,1,1,0,1383
P003298,Books,11.95,2.61,2.46,74,budget,1,4,0,1700
P004961,Electronics,258.71,3.82,2.46,28,mid,1,6,0,1724
P004606,Clothing,35.0,2.95,2.46,64,mid,1,0,0,1092
P004330,Food & Grocery,3.11,2.59,2.46,124,mid,0,1,0,1673
P002248,Sports & Outdoors,51.39,2.53,2.46,4,premium,1,7,1,374
P002854,Clothing,25.41,2.59,2.46,28,mid,1,1,0,717
P000635,Electronics,127.53,3.21,2.46,22,budget,1,1,0,823
P000876,Health,22.51,3.07,2.46,26,premium,0,2,0,1225
P000653,Beauty,40.38,3.13,2.46,20,premium,1,3,0,43
P004628,Clothing,37.93,2.93,2.46,15,mid,0,4,0,1432
P003799,Home & Kitchen,45.22,2.87,2.46,114,mid,0,5,1,447
P002369,Home & Kitchen,71.06,2.91,2.46,7,premium,1,5,1,708
P004292,Electronics,98.06,2.97,2.45,5,premium,0,7,0,1397
P004749,Health,42.59,2.92,2.45,144,mid,0,1,1,1479
P004692,Clothing,78.27,2.64,2.45,8,mid,1,7,0,636
P004035,Electronics,251.83,2.81,2.45,151,budget,0,0,0,1240
P002263,Home & Kitchen,91.19,2.57,2.45,85,budget,1,2,1,849
P002699,Home & Kitchen,54.26,3.15,2.45,4,premium,1,4,0,562
P001279,Health,30.72,2.23,2.45,27,mid,0,5,0,158
P004077,Sports & Outdoors,23.85,3.14,2.45,3,mid,0,4,0,112
P003695,Beauty,15.26,2.5,2.45,18,mid,0,6,0,86
P000924,Books,27.41,2.71,2.45,25,mid,1,3,0,574
P004277,Home & Kitchen,62.04,2.42,2.45,190,budget,0,0,1,1452
P003526,Home & Kitchen,61.26,2.69,2.45,126,premium,0,2,0,1053
P001524,Toys & Games,32.47,2.94,2.45,45,mid,1,0,1,1356
P003056,Books,34.62,2.3,2.45,10,budget,1,7,0,1587
P003759,Food & Grocery,32.72,2.88,2.45,43,mid,0,7,0,131
P000931,Clothing,24.53,2.89,2.44,279,mid,1,5,0,1549
P002090,Home & Kitchen,231.77,2.98,2.44,72,budget,1,7,0,1133
P003476,Home & Kitchen,34.92,2.39,2.44,53,mid,1,2,0,1070
P000926,Clothing,37.34,3.02,2.44,85,budget,1,3,0,397
P000844,Home & Kitchen,55.56,2.77,2.44,32,budget,1,6,1,1295
P002721,Books,31.36,2.94,2.44,9,budget,1,2,0,86
P002762,Food & Grocery,17.79,2.51,2.44,14,budget,0,2,0,1558
P004085,Books,7.09,2.28,2.43,25,premium,0,0,0,1261
P002890,Electronics,214.36,2.49,2.43,6,mid,0,6,0,1210
P004455,Books,13.57,2.71,2.43,34,budget,1,7,1,720
P003700,Home & Kitchen,147.09,2.76,2.43,186,mid,0,1,0,1711
P001861,Sports & Outdoors,35.59,2.82,2.43,79,budget,0,4,1,687
P000692,Health,63.84,2.57,2.43,40,premium,1,5,0,1148
P000398,Clothing,48.46,2.88,2.43,21,budget,1,4,1,530
P002410,Food & Grocery,15.29,3.08,2.43,11,mid,1,4,0,695
P004637,Home & Kitchen,10.07,2.27,2.43,108,mid,1,2,1,1130
P003642,Electronics,133.88,3.13,2.43,61,budget,0,1,1,742
P000992,Beauty,31.14,3.0,2.43,97,mid,0,3,1,1005
P003597,Health,14.26,3.09,2.43,107,premium,1,6,0,363
P001167,Toys & Games,30.87,2.83,2.43,202,premium,1,7,0,986
P002363,Home & Kitchen,31.25,2.57,2.43,65,premium,1,3,0,1001
P001361,Sports & Outdoors,47.28,3.23,2.43,19,mid,1,4,0,1621
P000977,Home & Kitchen,46.64,2.94,2.43,84,mid,1,4,1,70
P000187,Home & Kitchen,68.18,2.51,2.42,331,budget,1,4,0,1363
P001149,Books,12.23,3.0,2.42,185,budget,0,6,0,1641
P003267,Clothing,41.83,2.69,2.42,12,premium,1,7,1,731
P002043,Sports & Outdoors,27.68,2.81,2.42,6,mid,1,0,0,638
P004268,Toys & Games,24.92,2.64,2.42,1,mid,0,2,0,652
P004849,Electronics,387.1,2.75,2.42,8,premium,0,4,0,1350
P003218,Electronics,162.74,2.46,2.42,58,mid,0,7,0,1680
P001078,Books,10.42,2.69,2.42,63,budget,1,1,0,849
P004942,Electronics,142.07,2.49,2.42,4,budget,0,5,0,1271
P004285,Health,31.87,2.89,2.42,31,mid,0,6,1,102
P002401,Sports & Outdoors,129.79,3.12,2.41,116,premium,0,5,0,684
P001358,Home & Kitchen,49.64,2.8,2.41,187,mid,1,7,1,396
P001081,Clothing,94.79,2.79,2.41,9,mid,1,7,0,475
P000147,Clothing,9.32,2.42,2.41,12,budget,1,4,0,1352
P004673,Electronics,367.31,3.24,2.41,48,budget,1,1,0,1285
P002212,Home & Kitchen,29.36,2.38,2.41,56,mid,0,1,1,301
P000174,Food & Grocery,42.44,2.14,2.41,16,mid,1,5,1,1022
P001962,Home & Kitchen,159.47,2.95,2.41,18,budget,1,0,0,765
P002598,Home & Kitchen,29.77,2.82,2.41,8,mid,0,1,0,1498
P001454,Food & Grocery,18.95,2.77,2.41,15,mid,1,5,1,652
P001136,Clothing,26.74,3.07,2.41,52,mid,1,0,0,1028
P000021,Beauty,21.43,3.27,2.41,60,mid,0,6,1,1328
P004494,Electronics,158.24,2.62,2.41,23,mid,1,7,0,1288
P000383,Toys & Games,55.02,3.29,2.41,102,mid,1,3,1,1333
P003533,Home & Kitchen,83.22,3.1,2.41,165,premium,1,5,0,1565
P004514,Electronics,73.47,2.64,2.4,2204,mid,1,4,0,1304
P003565,Automotive,87.86,3.0,2.4,83,budget,0,3,0,628
P002717,Books,8.25,2.77,2.4,18,mid,1,2,1,626
P001614,Home & Kitchen,28.52,2.73,2.4,22,premium,1,4,0,1408
P001137,Home & Kitchen,30.56,2.74,2.4,9,budget,0,0,0,239
P000540,Toys & Games,27.4,3.08,2.4,234,mid,1,1,0,354
P004421,Clothing,63.53,2.45,2.4,35,mid,0,4,1,147
P000509,Books,15.36,2.54,2.4,109,premium,0,4,1,1759
P004938,Beauty,40.2,2.97,2.4,28,budget,0,2,0,1654
P003536,Toys & Games,47.42,2.79,2.39,47,budget,1,5,1,728
P004805,Toys & Games,63.59,3.26,2.39,35,budget,0,4,0,1222
P000785,Automotive,89.05,2.96,2.39,28,premium,1,2,0,200
P001657,Clothing,104.94,3.03,2.39,30,premium,1,1,1,1404
P004756,Books,24.73,2.49,2.39,334,budget,1,3,1,1294
P003276,Toys & Games,39.47,2.6,2.39,242,mid,1,4,0,930
P002230,Sports & Outdoors,92.19,2.82,2.39,55,mid,1,2,0,1674
P003513,Automotive,48.09,2.94,2.39,18,budget,1,4,0,1373
P002260,Home & Kitchen,396.88,2.45,2.39,44,budget,1,0,1,356
P001154,Electronics,438.92,2.63,2.39,49,budget,0,6,0,1727
P001357,Books,15.61,2.49,2.39,11,budget,0,4,0,472
P001595,Toys & Games,17.52,2.51,2.39,99,budget,0,1,0,528
P004898,Books,9.04,2.86,2.39,119,budget,1,2,0,1549
P004228,Electronics,252.03,2.28,2.39,36,budget,1,3,1,1228
P002633,Health,18.35,3.02,2.38,621,mid,1,7,0,396
P002473,Beauty,26.29,2.85,2.38,10,mid,0,2,0,1130
P004241,Toys & Games,19.55,2.51,2.38,161,budget,0,1,0,729
P004432,Health,39.74,3.0,2.38,193,mid,0,0,0,1437
P003235,Electronics,112.29,3.05,2.38,44,budget,1,6,0,281
P002796,Books,18.29,2.69,2.38,18,mid,1,4,0,729
P002749,Books,6.54,3.28,2.38,8,budget,0,7,0,271
P003262,Beauty,39.4,2.38,2.38,359,budget,1,4,0,572
P001763,Clothing,38.95,2.95,2.38,123,mid,0,1,0,939
P003361,Clothing,50.69,2.14,2.38,42,premium,1,4,1,334
P004033,Sports & Outdoors,25.69,2.44,2.38,88,mid,1,4,0,1362
P003470,Automotive,45.21,3.22,2.38,51,mid,0,7,0,822
P002804,Sports & Outdoors,60.5,2.91,2.38,30,mid,1,6,0,1416
P003626,Books,9.15,2.76,2.38,15,budget,1,4,0,1575
P003454,Electronics,708.48,2.16,2.38,8,premium,1,1,0,232
P004892,Clothing,88.67,3.12,2.38,27,mid,1,3,0,1166
P003797,Sports & Outdoors,57.72,3.07,2.37,57,budget,0,0,0,916
P000526,Home & Kitchen,63.38,2.72,2.37,28,mid,0,6,0,308
P003301,Food & Grocery,66.21,3.45,2.37,42,budget,1,1,0,402
P004089,Electronics,154.98,2.25,2.37,45,mid,1,3,0,976
P004091,Electronics,93.93,2.72,2.37,10,mid,1,5,0,1718
P003665,Clothing,79.47,2.44,2.37,65,budget,1,2,0,921
P000351,Sports & Outdoors,53.91,2.76,2.37,4,mid,1,1,1,1741
P003227,Beauty,9.94,3.13,2.37,8,premium,0,1,0,960
P002517,Electronics,186.64,2.57,2.37,77,budget,1,7,0,1592
P000879,Sports & Outdoors,58.06,3.05,2.37,89,mid,0,6,1,1558
P000163,Clothing,27.44,2.89,2.37,68,budget,1,0,0,119
P003959,Electronics,144.33,3.16,2.36,192,mid,1,4,0,1134
P001286,Food & Grocery,57.95,2.56,2.36,200,mid,1,3,0,601
P003357,Books,15.07,2.48,2.36,17,budget,1,5,0,611
P000244,Books,14.78,2.62,2.36,6,mid,0,4,1,1760
P004995,Sports & Outdoors,48.5,2.91,2.36,26,budget,1,5,0,1555
P004769,Clothing,79.79,3.28,2.36,36,mid,0,3,1,1280
P004884,Home & Kitchen,48.93,2.03,2.36,79,mid,1,1,1,1245
P001118,Toys & Games,36.6,3.56,2.36,52,mid,1,1,1,115
P004363,Sports & Outdoors,93.93,3.03,2.36,3,mid,1,0,0,224
P000978,Home & Kitchen,87.8,3.17,2.36,20,budget,0,5,1,1373
P000867,Health,63.99,3.24,2.36,68,budget,1,7,1,996
P004037,Clothing,40.91,2.26,2.36,364,budget,1,0,0,1706
P000880,Sports & Outdoors,78.84,2.47,2.35,11,mid,0,0,0,506
P002220,Clothing,40.62,3.13,2.35,9,premium,0,3,0,424
P000989,Home & Kitchen,121.78,3.14,2.35,8,budget,1,3,0,179
P000520,Toys & Games,11.11,2.71,2.35,83,budget,1,6,0,1268
P002250,Home & Kitchen,34.63,2.46,2.35,8,budget,1,6,1,1054
P003114,Sports & Outdoors,320.05,2.77,2.35,78,mid,1,5,0,623
P002759,Beauty,41.66,3.72,2.35,50,premium,1,6,0,353
P000103,Clothing,50.61,2.35,2.35,71,premium,1,3,0,852
P002206,Sports & Outdoors,109.42,3.02,2.35,23,premium,1,5,0,672
P004344,Clothing,50.99,2.19,2.35,8,budget,1,2,0,1753
P001869,Books,26.76,3.0,2.34,51,budget,1,7,0,256
P002790,Home & Kitchen,95.87,2.7,2.34,38,budget,0,3,0,1572
P004169,Books,141.45,2.51,2.34,9,mid,0,7,0,748
P003353,Electronics,174.49,2.56,2.34,101,mid,0,3,1,1377
P004562,Clothing,42.39,2.52,2.34,10,budget,0,6,0,315
P003830,Sports & Outdoors,48.8,3.07,2.34,63,mid,0,7,0,1364
P001004,Electronics,179.43,2.71,2.34,30,mid,1,2,0,910
P004267,Home & Kitchen,78.64,2.33,2.33,18,mid,1,7,1,429
P000232,Home & Kitchen,49.13,2.25,2.33,25,mid,1,1,0,264
P002906,Sports & Outdoors,33.28,2.87,2.33,25,premium,1,6,0,1538
P003843,Sports & Outdoors,256.75,3.18,2.33,16,mid,0,0,1,1557
P002144,Toys & Games,22.32,2.84,2.33,20,mid,1,6,1,493
P003266,Clothing,20.79,2.19,2.33,5,budget,1,1,1,1402
P000990,Toys & Games,42.19,2.69,2.33,84,budget,1,7,0,1144
P002121,Clothing,59.68,2.31,2.33,102,budget,0,5,0,751
P004187,Electronics,320.92,3.28,2.33,4,budget,0,2,1,1480
P001586,Food & Grocery,23.05,3.04,2.33,25,budget,0,0,0,634
P002725,Electronics,184.21,2.77,2.33,33,mid,0,3,1,1211
P001580,Health,30.34,2.9,2.33,5,budget,0,0,1,393
P002494,Food & Grocery,9.61,2.61,2.33,16,premium,0,4,0,503
P004279,Clothing,123.25,2.4,2.32,37,budget,1,3,0,728
P003523,Electronics,370.86,2.64,2.32,22,budget,1,2,0,780
P003270,Electronics,241.46,3.53,2.32,5,premium,1,5,0,1736
P000860,Books,6.18,2.7,2.32,15,budget,0,5,1,428
P002635,Books,19.79,2.88,2.32,18,mid,1,1,0,1228
P000091,Electronics,226.81,2.27,2.32,13,premium,1,4,0,1022
P000095,Clothing,8.7,2.71,2.32,64,premium,1,5,1,1106
P001868,Clothing,37.43,2.79,2.32,17,premium,1,7,0,1272
P001779,Home & Kitchen,48.33,2.84,2.32,24,mid,1,5,1,1119
P002198,Books,25.64,2.52,2.32,14,budget,0,3,0,1182
P003752,Books,20.06,2.83,2.32,22,mid,0,0,0,1357
P004932,Sports & Outdoors,43.42,2.03,2.32,369,budget,1,0,1,1369
P002537,Toys & Games,14.48,2.4,2.31,42,budget,0,6,0,330
P001637,Home & Kitchen,22.97,2.7,2.31,38,mid,1,1,0,1122
P000492,Sports & Outdoors,101.95,2.75,2.31,42,premium,1,5,1,226
P000688,Food & Grocery,49.19,2.75,2.31,5,budget,0,2,0,1003
P003615,Sports & Outdoors,98.14,3.2,2.31,63,budget,1,5,1,1236
P001859,Clothing,82.39,2.78,2.31,56,budget,1,3,0,1057
P000469,Electronics,437.36,2.81,2.31,112,premium,1,7,0,1602
P000938,Electronics,217.87,3.01,2.31,847,premium,1,1,0,1513
P003548,Automotive,77.12,2.73,2.31,12,mid,0,1,1,836
P001471,Food & Grocery,22.12,2.89,2.31,104,budget,0,4,0,657
P004823,Sports & Outdoors,151.21,2.51,2.31,9,mid,1,4,0,451
P003909,Books,49.51,3.21,2.31,14,mid,1,5,0,925
P001059,Books,28.47,2.27,2.31,102,mid,1,5,0,659
P003061,Sports & Outdoors,103.08,2.42,2.31,80,budget,1,5,0,425
P004542,Electronics,112.65,2.07,2.3,3,mid,0,3,0,516
P001678,Home & Kitchen,80.18,2.73,2.3,28,premium,0,0,0,267
P002249,Home & Kitchen,34.0,2.92,2.3,95,premium,1,7,0,1311
P004462,Home & Kitchen,28.13,2.72,2.3,57,premium,1,1,1,1108
P000097,Home & Kitchen,37.91,2.81,2.3,51,budget,1,3,1,651
P001642,Electronics,350.56,2.7,2.3,24,budget,1,2,0,1715
P000117,Beauty,53.45,2.99,2.3,9,mid,1,3,0,375
P004245,Beauty,37.13,2.69,2.3,37,premium,1,3,1,39
P000570,Books,39.17,2.28,2.3,4,mid,1,2,1,713
P000133,Sports & Outdoors,30.32,2.45,2.3,18,mid,1,6,0,1366
P001812,Home & Kitchen,47.39,2.6,2.3,59,mid,1,5,0,952
P003438,Clothing,60.01,2.89,2.3,235,mid,1,7,0,1410
P002282,Clothing,42.63,3.06,2.29,36,budget,1,7,0,932
P000596,Clothing,52.89,2.22,2.29,10,mid,0,1,0,358
P004063,Electronics,177.15,3.06,2.29,1,premium,0,3,0,246
P004468,Sports & Outdoors,41.0,2.49,2.29,1,mid,0,2,1,879
P001556,Toys & Games,39.26,2.79,2.29,281,mid,0,0,1,731
P004903,Electronics,162.98,3.0,2.29,46,premium,0,4,1,997
P002945,Clothing,116.64,2.91,2.29,1,mid,1,1,0,1648
P003514,Automotive,65.5,2.96,2.29,67,budget,1,7,0,1467
P000309,Clothing,44.96,2.66,2.29,32,budget,1,4,0,1067
P004640,Clothing,47.78,2.79,2.28,106,budget,0,3,0,179
P000699,Sports & Outdoors,48.9,2.54,2.28,493,mid,1,0,1,114
P004621,Clothing,23.81,2.43,2.28,7,mid,0,1,0,1169
P003987,Clothing,44.34,2.89,2.28,43,mid,0,4,0,683
P003705,Electronics,90.42,2.52,2.28,8,premium,0,6,0,943
P001733,Beauty,14.63,2.32,2.28,102,mid,0,0,0,1333
P004458,Sports & Outdoors,67.99,2.81,2.28,108,budget,0,6,0,700
P000610,Home & Kitchen,30.44,2.31,2.28,27,budget,0,2,1,80
P000195,Electronics,156.64,2.51,2.28,40,premium,0,7,0,872
P001738,Clothing,47.26,3.06,2.28,173,budget,1,5,0,1148
P002615,Clothing,14.85,2.69,2.28,29,premium,0,7,1,1090
P002564,Books,24.66,2.62,2.28,16,budget,0,1,0,1629
P004469,Automotive,75.32,2.07,2.28,76,premium,1,0,0,1524
P003910,Toys & Games,14.12,2.11,2.28,6,mid,1,3,0,1250
P002866,Electronics,42.07,2.93,2.28,121,mid,0,5,0,723
P002120,Clothing,47.1,2.99,2.28,30,premium,1,2,0,1656
P001767,Automotive,75.89,3.42,2.28,69,mid,1,2,1,1754
P002151,Sports & Outdoors,88.09,2.77,2.27,181,mid,0,5,0,1155
P003484,Books,30.4,2.73,2.27,27,budget,1,2,0,491
P002623,Clothing,12.22,3.05,2.27,27,mid,1,1,0,1096
P002299,Electronics,173.44,2.8,2.27,209,mid,1,7,0,435
P002864,Electronics,54.19,2.08,2.27,7,budget,0,4,1,1650
P000525,Electronics,185.55,2.34,2.27,39,mid,0,5,0,1167
P004841,Health,39.2,2.6,2.27,79,mid,0,4,0,361
P000957,Toys & Games,9.76,3.41,2.27,36,mid,1,3,1,1642
P004331,Electronics,141.84,3.19,2.27,4,budget,1,1,0,1691
P003745,Electronics,301.9,2.79,2.27,18,budget,0,1,0,256
P000739,Home & Kitchen,51.71,3.06,2.26,12,mid,0,6,1,972
P002430,Beauty,18.06,2.27,2.26,8,budget,1,1,0,1396
P001341,Electronics,122.03,2.93,2.26,48,mid,0,1,0,755
P004012,Electronics,166.23,2.43,2.26,75,premium,0,6,0,1743
P001287,Home & Kitchen,76.36,2.57,2.26,14,mid,0,2,0,1495
P004798,Home & Kitchen,70.95,2.39,2.26,186,mid,1,3,0,591
P004780,Sports & Outdoors,53.09,2.58,2.26,3,mid,1,3,1,974
P001178,Home & Kitchen,39.85,3.11,2.26,8,budget,0,0,0,1276
P002949,Food & Grocery,19.62,2.58,2.26,93,mid,1,6,0,651
P004225,Clothing,49.5,2.42,2.26,31,budget,1,2,0,1793
P004840,Electronics,243.76,3.1,2.26,2,budget,0,6,0,1073
P000357,Toys & Games,27.73,3.18,2.26,48,premium,1,2,1,760
P002126,Home & Kitchen,34.84,2.77,2.26,53,mid,1,3,1,1660
P000741,Electronics,245.66,2.04,2.25,116,premium,0,7,0,516
P001864,Books,11.28,2.7,2.25,149,premium,1,1,0,964
P001608,Clothing,43.19,2.35,2.25,23,premium,0,6,0,1271
P003654,Clothing,53.54,2.42,2.25,26,budget,0,7,1,811
P000904,Books,8.85,2.58,2.25,14,mid,0,6,1,45
P002859,Beauty,21.55,2.87,2.25,42,mid,1,7,0,1612
P002911,Beauty,22.63,2.44,2.25,30,mid,0,5,0,866
P002187,Toys & Games,41.63,2.73,2.25,94,mid,1,3,0,228
P000663,Clothing,56.22,2.25,2.25,70,mid,0,7,0,1664
P003897,Clothing,15.97,2.11,2.24,96,mid,1,2,0,1786
P004509,Beauty,18.47,2.27,2.24,35,premium,1,7,0,85
P000825,Toys & Games,32.39,2.63,2.24,12,mid,1,3,0,1210
P001019,Electronics,505.09,2.93,2.24,28,budget,1,4,1,1599
P002508,Food & Grocery,33.41,2.55,2.24,24,budget,0,1,0,617
P003728,Clothing,132.88,2.89,2.24,7,mid,0,6,1,1616
P000059,Electronics,67.88,2.37,2.24,3,mid,1,6,0,720
P004489,Clothing,100.34,2.86,2.24,67,budget,0,4,1,1179
P004058,Food & Grocery,8.22,3.03,2.24,18,mid,1,4,1,1334
P002549,Clothing,36.9,2.63,2.24,2,budget,1,7,0,1769
P001611,Clothing,28.37,2.75,2.24,13,budget,0,3,0,569
P003882,Food & Grocery,51.52,2.52,2.24,45,mid,0,1,0,816
P003605,Food & Grocery,43.6,2.51,2.24,66,mid,1,7,0,1780
P001114,Food & Grocery,25.45,2.51,2.23,27,mid,0,6,0,742
P001151,Electronics,49.35,2.44,2.23,98,budget,0,1,0,1451
P000731,Clothing,59.64,2.41,2.23,140,budget,1,7,0,452
P004957,Health,16.39,2.72,2.23,29,mid,1,5,0,595
P000461,Books,35.49,2.33,2.23,48,mid,0,1,0,1665
P004001,Beauty,17.34,2.24,2.23,61,mid,1,2,0,1061
P002658,Books,116.79,2.57,2.23,7,premium,0,6,0,410
P002875,Electronics,183.54,2.28,2.23,10,budget,1,5,0,47
P000521,Health,77.52,2.57,2.23,22,mid,0,1,0,1534
P000324,Books,10.27,2.86,2.23,22,mid,1,2,0,1328
P000371,Toys & Games,18.92,2.17,2.23,9,mid,0,5,0,301
P003255,Electronics,103.89,2.99,2.23,13,premium,1,1,0,274
P003528,Electronics,197.62,2.04,2.23,89,budget,1,0,0,279
P004165,Sports & Outdoors,47.79,2.72,2.23,81,budget,0,6,0,1738
P000602,Toys & Games,47.85,3.12,2.23,13,budget,1,6,1,996
P003323,Beauty,10.08,2.25,2.22,19,budget,1,5,0,1196
P002761,Sports & Outdoors,75.05,2.64,2.22,23,budget,0,1,0,1090
P004630,Clothing,44.13,2.57,2.22,8,mid,0,2,0,1516
P000043,Beauty,46.02,2.67,2.22,28,budget,1,2,0,681
P003616,Beauty,21.85,2.43,2.22,75,budget,1,6,0,862
P002994,Books,17.74,2.23,2.21,22,budget,0,5,0,1406
P001972,Automotive,156.91,2.5,2.21,15,budget,1,2,0,1553
P002724,Home & Kitchen,91.67,2.83,2.21,67,premium,1,1,0,1379
P003928,Toys & Games,20.41,3.4,2.21,8,budget,0,6,0,1431
P001803,Electronics,74.39,2.58,2.21,47,premium,1,4,0,339
P001232,Sports & Outdoors,55.16,2.49,2.21,32,mid,0,0,0,177
P001069,Electronics,108.55,2.43,2.21,9,budget,0,0,0,1283
P001759,Health,42.81,2.66,2.21,150,mid,1,7,0,1061
P004779,Clothing,74.87,2.89,2.21,38,mid,1,4,0,1577
P004659,Books,26.48,3.13,2.21,6,budget,0,3,0,1518
P003955,Electronics,436.64,2.66,2.2,24,budget,1,7,0,1790
P002223,Home & Kitchen,24.77,2.54,2.2,46,mid,1,4,0,784
P003340,Books,29.74,2.47,2.2,1,mid,1,1,1,1284
P003221,Clothing,130.77,2.75,2.2,8,mid,0,2,0,1492
P003953,Food & Grocery,20.5,2.68,2.2,12,mid,0,3,0,336
P001889,Health,36.93,2.65,2.2,85,budget,1,2,0,726
P000505,Books,22.6,2.69,2.2,97,mid,1,3,0,1208
P003911,Books,14.59,3.02,2.2,3,budget,1,7,0,1330
P002218,Food & Grocery,10.03,2.96,2.2,26,budget,1,7,0,732
P000839,Home & Kitchen,41.67,2.09,2.2,170,premium,1,6,0,62
P002573,Beauty,14.42,2.76,2.2,13,budget,0,6,1,159
P004106,Electronics,230.51,2.62,2.2,22,budget,0,5,0,1099
P000884,Home & Kitchen,38.47,2.61,2.2,16,mid,0,0,1,876
P004122,Toys & Games,34.05,3.18,2.2,82,premium,0,0,0,1762
P001873,Automotive,68.79,2.48,2.2,7,premium,0,7,1,694
P000572,Health,33.71,2.59,2.2,15,premium,1,6,0,572
P001267,Electronics,141.12,2.45,2.19,35,budget,1,3,0,1576
P002628,Home & Kitchen,18.26,2.75,2.19,32,premium,0,5,0,1037
P002006,Health,33.21,2.76,2.19,42,budget,1,0,1,104
P002215,Food & Grocery,15.85,2.25,2.19,2105,mid,1,4,0,124
P003145,Toys & Games,23.8,2.63,2.19,292,premium,1,2,0,1474
P000085,Electronics,138.03,2.36,2.19,10,budget,1,1,0,357
P002979,Beauty,28.23,2.4,2.19,23,mid,0,0,0,1721
P001887,Electronics,126.57,2.37,2.19,15,budget,1,1,1,1474
P001163,Toys & Games,30.83,2.52,2.18,6,mid,1,5,1,709
P004440,Clothing,65.9,2.89,2.18,4,mid,0,6,0,1616
P000674,Beauty,39.19,1.81,2.18,97,budget,0,7,0,1296
P004098,Sports & Outdoors,67.35,2.71,2.18,6,budget,0,0,0,1389
P003492,Electronics,242.6,2.42,2.18,31,mid,1,7,0,592
P000971,Clothing,44.02,2.43,2.18,11,mid,0,5,1,1371
P003668,Electronics,138.41,2.52,2.18,53,mid,1,5,0,1448
P000945,Home & Kitchen,48.66,2.91,2.18,82,mid,1,5,1,221
P002131,Clothing,40.5,3.01,2.18,52,budget,0,3,1,893
P003967,Books,34.88,2.08,2.18,10,budget,1,6,0,906
P002209,Electronics,126.37,2.72,2.17,64,budget,0,6,1,634
P000746,Books,13.46,2.87,2.17,1,mid,1,7,0,140
P002807,Clothing,18.08,2.88,2.17,112,mid,1,0,0,1233
P001638,Food & Grocery,11.05,3.02,2.17,16,premium,1,5,0,1552
P004660,Electronics,758.8,2.19,2.17,16,budget,0,1,0,1529
P003127,Books,5.88,2.4,2.17,106,mid,0,2,0,167
P001941,Clothing,31.09,2.64,2.17,15,mid,1,5,0,691
P002989,Electronics,115.4,2.75,2.17,171,mid,1,1,1,142
P002684,Sports & Outdoors,40.03,2.45,2.17,5,mid,0,2,0,1771
P001688,Books,36.32,2.32,2.17,60,mid,0,1,0,189
P002498,Clothing,23.76,2.67,2.17,14,budget,0,2,0,933
P003831,Home & Kitchen,39.94,2.83,2.17,117,premium,1,0,0,1142
P000011,Home & Kitchen,111.6,2.0,2.17,55,mid,1,3,0,308
P004101,Clothing,31.45,2.37,2.16,19,premium,0,4,0,1458
P002388,Electronics,133.81,2.95,2.16,51,mid,1,5,0,807
P000510,Electronics,105.85,2.61,2.16,12,mid,1,7,0,1420
P003148,Beauty,49.36,2.73,2.16,57,mid,0,1,1,363
P001908,Electronics,64.27,2.21,2.16,51,premium,1,0,0,1049
P002880,Electronics,133.67,2.68,2.16,2,budget,0,1,0,754
P002471,Home & Kitchen,79.82,2.49,2.16,40,mid,1,3,0,107
P002031,Electronics,747.73,2.21,2.16,6,mid,1,0,0,882
P001804,Beauty,12.2,2.37,2.15,18,mid,1,2,0,1150
P001102,Clothing,28.69,2.47,2.15,376,budget,0,3,1,1220
P000809,Books,40.98,2.24,2.15,11,premium,1,1,1,1245
P003310,Electronics,275.01,2.46,2.15,91,budget,1,1,0,122
P003005,Electronics,460.78,1.95,2.15,51,mid,1,7,0,1432
P000496,Books,18.84,2.46,2.15,21,budget,1,5,0,1501
P001664,Clothing,67.65,2.41,2.15,44,mid,1,0,1,882
P000132,Food & Grocery,35.15,3.01,2.15,16,mid,0,1,0,930
P004847,Electronics,64.41,2.81,2.15,64,premium,0,0,1,1198
P000585,Food & Grocery,20.23,2.75,2.15,59,budget,1,5,0,749
P001619,Automotive,126.25,2.02,2.15,29,mid,1,0,0,1596
P001507,Beauty,97.21,2.13,2.15,11,budget,0,0,0,285
P002765,Electronics,112.86,2.58,2.15,9,mid,1,7,0,1418
P000358,Toys & Games,18.84,2.34,2.15,6,budget,0,3,0,341
P003742,Clothing,83.91,2.63,2.15,2,premium,1,5,0,64
P004201,Clothing,29.87,2.14,2.15,213,budget,0,7,0,64
P001475,Books,12.71,3.37,2.14,45,premium,1,1,0,1490
P002134,Food & Grocery,17.29,2.36,2.14,56,budget,1,4,0,906
P004789,Electronics,327.76,2.62,2.14,44,budget,0,2,0,1363
P002202,Food & Grocery,45.95,2.56,2.14,262,budget,0,6,0,838
P001976,Clothing,34.98,2.5,2.14,34,budget,0,5,0,455
P000417,Electronics,444.73,2.89,2.14,216,mid,0,7,0,877
P003071,Electronics,398.22,2.08,2.14,28,premium,0,0,0,757
P002394,Electronics,77.0,2.43,2.14,43,budget,0,0,1,730
P002950,Health,75.86,2.7,2.13,38,mid,1,1,0,1540
P002029,Books,18.43,2.76,2.13,8,premium,0,2,0,1329
P003251,Automotive,49.64,3.27,2.13,2,budget,1,5,0,1011
P000451,Electronics,258.69,1.76,2.13,7,budget,0,6,0,513
P002067,Books,36.97,2.29,2.13,10,budget,1,4,1,1027
P000326,Sports & Outdoors,24.14,2.76,2.13,14,premium,1,4,0,768
P000967,Food & Grocery,34.15,2.3,2.13,45,mid,1,0,0,1655
P003292,Beauty,18.54,2.6,2.12,12,mid,1,4,0,1739
P002360,Electronics,557.24,1.69,2.12,8,mid,0,4,0,478
P002629,Clothing,27.83,2.51,2.12,177,budget,1,6,0,612
P004222,Electronics,442.97,2.39,2.12,74,mid,0,1,0,34
P003613,Sports & Outdoors,222.91,2.59,2.12,15,mid,0,3,0,251
P001993,Clothing,90.19,2.43,2.12,51,budget,0,1,0,35
P002784,Home & Kitchen,37.88,2.47,2.11,36,premium,1,7,0,1688
P001690,Home & Kitchen,44.01,2.37,2.11,16,premium,1,0,0,1070
P002943,Toys & Games,58.16,2.63,2.11,21,mid,1,3,1,1458
P002800,Toys & Games,25.13,2.03,2.11,89,mid,1,2,0,1477
P001226,Health,45.7,2.19,2.11,39,mid,1,6,0,480
P004493,Automotive,66.94,2.38,2.11,17,budget,0,5,0,566
P001328,Books,41.96,2.55,2.1,29,mid,1,4,0,105
P004243,Home & Kitchen,16.85,2.19,2.1,52,budget,1,1,0,334
P000985,Electronics,247.14,2.12,2.1,39,budget,0,1,0,549
P000676,Home & Kitchen,49.58,2.64,2.1,1,budget,0,6,0,1432
P000090,Books,14.74,2.96,2.1,57,budget,1,1,1,524
P004707,Electronics,196.59,2.75,2.1,48,premium,0,6,1,1712
P002298,Electronics,241.53,2.34,2.1,18,budget,1,0,1,964
P000493,Sports & Outdoors,78.15,2.33,2.1,10,mid,1,1,0,1705
P001222,Clothing,37.04,2.55,2.1,49,mid,1,3,0,228
P002700,Health,85.13,2.5,2.1,52,mid,1,0,0,1460
P004716,Clothing,35.24,2.17,2.1,67,premium,0,1,1,1148
P001731,Food & Grocery,15.09,2.01,2.09,58,budget,1,4,0,446
P002255,Automotive,58.18,2.61,2.09,9,mid,1,2,0,1190
P004567,Beauty,38.5,2.9,2.09,14,mid,1,1,1,1255
P002391,Sports & Outdoors,86.26,2.5,2.09,14,mid,0,7,0,1219
P000814,Sports & Outdoors,55.31,2.1,2.09,84,budget,1,4,0,573
P003563,Health,84.73,2.59,2.09,121,budget,1,7,1,1776
P002113,Electronics,226.42,2.61,2.09,260,budget,0,7,0,163
P002768,Beauty,7.47,2.87,2.09,8,mid,0,2,0,822
P004656,Health,34.21,2.33,2.08,47,mid,0,3,0,1668
P000716,Clothing,59.34,2.37,2.08,53,premium,1,7,0,807
P001726,Electronics,284.93,2.87,2.08,7,mid,1,3,0,956
P002705,Beauty,9.59,2.6,2.08,41,mid,0,2,0,341
P004777,Home & Kitchen,13.55,2.35,2.08,29,mid,1,6,0,373
P001872,Home & Kitchen,83.51,2.09,2.08,100,mid,0,5,0,177
P004900,Toys & Games,11.95,2.85,2.08,224,budget,0,6,0,489
P002826,Beauty,29.57,2.48,2.08,69,budget,1,4,0,1766
P000772,Books,22.79,2.4,2.08,9,premium,1,1,0,299
P002657,Home & Kitchen,72.18,2.42,2.08,28,mid,1,5,0,1225
P003934,Electronics,238.32,2.59,2.07,28,mid,1,4,0,568
P001083,Food & Grocery,9.48,2.6,2.07,81,premium,1,1,0,1399
P000922,Health,28.66,2.43,2.07,39,budget,1,3,0,1754
P001109,Automotive,56.18,2.39,2.07,14,mid,0,4,0,737
P003389,Home & Kitchen,27.1,2.7,2.07,15,budget,1,6,0,1243
P000397,Toys & Games,10.57,2.27,2.07,87,budget,1,4,0,1157
P002272,Sports & Outdoors,49.79,2.7,2.06,117,mid,1,5,0,992
P000898,Clothing,48.27,2.27,2.06,11,mid,1,5,1,905
P004461,Home & Kitchen,66.03,2.22,2.06,42,budget,1,5,0,918
P002341,Electronics,109.42,2.53,2.06,10,mid,1,0,0,206
P002722,Toys & Games,37.27,2.51,2.06,107,mid,0,7,0,1458
P001058,Clothing,22.96,2.06,2.06,68,premium,0,0,1,300
P000517,Clothing,65.31,2.92,2.06,94,mid,0,0,0,1504
P000048,Clothing,92.23,2.27,2.05,35,budget,1,7,0,894
P001111,Electronics,137.4,2.39,2.05,36,budget,1,7,0,1004
P001990,Electronics,77.86,2.16,2.05,73,budget,1,0,0,726
P000951,Books,13.03,2.31,2.05,9,budget,1,1,0,90
P003962,Electronics,56.01,2.58,2.05,58,mid,1,5,1,1019
P000045,Toys & Games,14.54,2.17,2.04,245,mid,0,6,0,1047
P003034,Clothing,40.83,2.32,2.04,11,premium,1,3,0,379
P001008,Clothing,56.12,3.04,2.04,19,budget,0,7,0,90
P003418,Toys & Games,30.63,2.55,2.04,121,budget,1,7,0,249
P003915,Home & Kitchen,67.88,2.12,2.04,16,mid,1,1,0,848
P000718,Electronics,165.24,2.29,2.03,52,mid,1,2,0,1304
P000352,Electronics,311.4,2.26,2.03,5,budget,0,0,0,956
P001200,Beauty,95.9,2.48,2.03,10,budget,0,2,1,1602
P002841,Toys & Games,13.85,2.75,2.03,9,budget,0,3,1,1204
P000562,Clothing,44.84,2.18,2.03,33,mid,0,0,0,463
P000838,Automotive,74.64,2.66,2.03,6,mid,1,0,0,535
P004006,Clothing,60.5,2.53,2.03,24,premium,1,7,1,902
P002678,Toys & Games,28.04,2.55,2.03,153,premium,1,4,0,1270
P004720,Electronics,139.37,2.47,2.03,4,budget,1,6,0,1477
P003359,Beauty,32.18,1.89,2.03,183,mid,1,5,0,910
P003939,Books,8.49,2.74,2.03,216,budget,0,6,1,987
P004649,Clothing,33.25,2.78,2.03,90,premium,0,7,0,783
P002542,Home & Kitchen,62.55,2.05,2.03,135,mid,0,1,0,1051
P000105,Toys & Games,100.09,3.22,2.02,91,mid,0,0,0,1172
P001631,Home & Kitchen,69.83,2.15,2.02,46,budget,1,4,1,489
P000341,Electronics,265.41,2.54,2.02,6,mid,1,5,0,622
P003942,Clothing,70.48,2.33,2.02,171,budget,0,3,1,360
P002219,Food & Grocery,21.41,2.33,2.02,30,mid,1,0,0,1464
P004072,Sports & Outdoors,141.65,2.1,2.02,24,premium,1,6,0,1713
P004269,Toys & Games,18.17,2.81,2.02,48,premium,1,5,0,145
P001480,Home & Kitchen,109.45,2.25,2.02,99,premium,1,6,0,226
P000877,Home & Kitchen,63.46,2.19,2.02,3,budget,1,5,0,1244
P001922,Clothing,33.8,2.28,2.02,7,premium,1,5,0,1031
P002553,Sports & Outdoors,146.22,2.81,2.02,16,premium,0,0,0,1326
P002771,Electronics,59.74,2.09,2.02,5,budget,1,7,0,825
P001411,Toys & Games,19.13,2.32,2.02,40,mid,0,1,0,1185
P004149,Home & Kitchen,35.64,2.54,2.02,53,mid,0,7,0,1734
P003990,Automotive,54.87,2.52,2.01,1,mid,1,2,0,665
P003590,Clothing,45.43,2.25,2.01,44,premium,1,4,0,144
P003283,Clothing,116.45,2.5,2.01,93,mid,0,7,0,482
P003658,Home & Kitchen,66.86,2.58,2.01,11,budget,1,5,1,1614
P000273,Electronics,175.98,2.36,2.01,13,premium,1,7,1,998
P001996,Beauty,13.53,2.57,2.01,109,mid,0,5,0,1251
P001877,Clothing,60.34,1.86,2.01,3,mid,0,7,0,975
P002168,Home & Kitchen,77.49,1.97,2.01,593,mid,1,4,0,404
P003957,Automotive,27.87,2.18,2.01,31,premium,0,1,0,353
P001367,Clothing,95.57,2.78,2.01,22,premium,1,0,0,312
P001768,Electronics,115.42,2.18,2.01,11,mid,1,2,0,1413
P000423,Electronics,113.82,2.42,2.0,10,premium,1,6,0,368
P001927,Home & Kitchen,41.92,2.94,2.0,98,premium,1,6,0,1461
P004325,Clothing,132.79,3.02,2.0,101,mid,0,6,1,466
P000111,Home & Kitchen,90.35,2.11,2.0,7,mid,1,0,0,1797
P000007,Toys & Games,25.96,1.98,2.0,6,mid,1,1,1,1584
P003228,Clothing,69.0,2.32,2.0,5,budget,1,6,0,494
P004460,Toys & Games,25.03,2.05,2.0,18,budget,1,0,1,1156
P002088,Home & Kitchen,130.84,2.03,2.0,56,premium,0,6,0,772
P001352,Toys & Games,32.2,2.27,2.0,144,premium,0,3,0,1237
P002176,Books,30.91,2.23,1.99,5,premium,0,4,0,732
P001148,Toys & Games,33.76,1.95,1.99,11,mid,1,4,0,64
P001119,Clothing,118.48,2.46,1.99,80,budget,1,4,0,577
P004425,Sports & Outdoors,62.48,2.2,1.99,435,premium,0,0,0,168
P003237,Food & Grocery,16.61,2.85,1.99,33,premium,0,2,1,1564
P003827,Clothing,33.81,2.33,1.99,38,budget,1,7,0,1657
P002505,Clothing,34.69,2.09,1.99,7,mid,1,6,0,1507
P000355,Home & Kitchen,187.58,2.58,1.99,14,mid,0,3,0,156
P001605,Clothing,126.6,2.44,1.99,21,premium,1,3,0,649
P001028,Home & Kitchen,56.76,2.15,1.99,72,budget,1,4,1,84
P001851,Clothing,15.97,2.53,1.98,18,mid,1,4,0,992
P001844,Food & Grocery,15.49,2.53,1.98,219,budget,0,6,0,1297
P002321,Electronics,304.94,2.78,1.98,5,premium,0,6,1,790
P002356,Toys & Games,40.22,2.44,1.98,74,mid,1,4,0,260
P004890,Automotive,96.09,2.63,1.98,27,mid,1,5,0,1580
P002238,Clothing,50.57,2.49,1.98,18,mid,1,6,0,1768
P002452,Beauty,29.11,1.69,1.98,86,mid,1,4,0,255
P004939,Sports & Outdoors,64.54,2.18,1.98,22,mid,0,0,0,547
P000961,Books,7.65,1.77,1.98,14,premium,0,0,0,1146
P003273,Sports & Outdoors,58.45,2.2,1.98,65,mid,0,5,0,1091
P004246,Clothing,24.26,2.3,1.97,341,mid,1,1,0,1274
P000453,Beauty,35.57,2.89,1.97,477,mid,1,7,0,1681
P003587,Home & Kitchen,79.11,2.09,1.97,6,mid,1,5,0,75
P003567,Health,60.22,2.38,1.97,26,premium,1,1,0,454
P001488,Home & Kitchen,153.57,2.14,1.97,32,mid,1,3,0,1677
P002453,Sports & Outdoors,290.27,2.35,1.97,16,mid,0,1,1,1042
P002809,Clothing,60.86,2.32,1.97,26,budget,0,2,0,62
P002478,Clothing,49.16,2.22,1.97,67,budget,0,3,0,1391
P002025,Home & Kitchen,72.75,2.64,1.97,98,budget,1,3,0,527
P001033,Books,20.34,2.44,1.97,181,budget,1,0,0,1702
P004572,Health,50.09,2.57,1.96,39,premium,0,2,1,861
P003339,Clothing,23.26,2.62,1.96,90,mid,0,3,0,1001
P002848,Electronics,162.37,2.89,1.96,32,premium,0,3,0,949
P003984,Clothing,35.79,2.24,1.96,51,mid,1,4,0,1172
P004347,Toys & Games,20.15,2.13,1.96,6,premium,1,6,0,1166
P003969,Home & Kitchen,12.82,2.77,1.96,3,premium,1,2,1,370
P001983,Health,17.47,2.46,1.96,37,mid,0,1,0,1136
P002602,Sports & Outdoors,115.7,2.37,1.96,66,budget,0,4,1,1780
P000846,Health,41.61,2.68,1.96,70,mid,1,3,0,1664
P003702,Clothing,15.23,1.03,1.96,45,premium,0,1,0,1281
P002539,Electronics,117.8,2.42,1.96,27,mid,0,0,0,516
P002034,Home & Kitchen,82.96,2.45,1.95,55,premium,1,2,0,1637
P000283,Clothing,18.51,2.8,1.95,3,mid,0,0,1,693
P000647,Electronics,79.39,2.81,1.95,30,budget,1,2,0,1500
P002519,Books,31.03,2.6,1.95,1,mid,1,4,0,1449
P000986,Food & Grocery,15.28,1.8,1.95,32,mid,1,1,1,1309
P004817,Clothing,57.14,2.56,1.95,813,budget,1,7,0,274
P002983,Electronics,99.06,2.46,1.95,17,mid,0,5,0,884
P002977,Sports & Outdoors,41.64,2.34,1.95,275,budget,1,4,1,1700
P004879,Home & Kitchen,156.0,2.81,1.94,50,budget,1,1,0,1427
P003380,Food & Grocery,24.71,2.25,1.94,158,budget,0,5,0,1538
P004600,Home & Kitchen,257.69,2.05,1.94,13,mid,0,5,1,1718
P003240,Clothing,19.99,2.65,1.94,54,mid,1,7,0,391
P001182,Electronics,135.36,2.15,1.94,12,budget,0,2,0,444
P002285,Clothing,55.11,2.04,1.94,71,budget,1,2,0,220
P000465,Books,5.36,1.96,1.94,0,mid,0,0,0,1320
P004743,Toys & Games,36.33,2.03,1.94,192,premium,1,0,0,1418
P000621,Toys & Games,20.18,2.07,1.94,12,budget,1,6,0,888
P004690,Beauty,41.0,2.54,1.94,69,mid,1,3,0,260
P004036,Home & Kitchen,104.0,1.88,1.94,58,mid,0,6,0,335
P003689,Sports & Outdoors,66.24,2.07,1.94,80,mid,0,5,0,1085
P000034,Home & Kitchen,68.13,1.91,1.94,77,premium,1,0,0,1116
P000027,Home & Kitchen,115.78,2.35,1.94,80,budget,1,0,0,1061
P002481,Books,26.93,2.36,1.93,131,budget,0,6,0,1648
P001363,Sports & Outdoors,63.72,2.55,1.93,193,premium,1,0,0,1766
P004491,Books,38.77,1.72,1.93,20,mid,1,5,1,1351
P000145,Home & Kitchen,29.41,2.84,1.93,11,mid,1,7,0,1031
P000609,Beauty,18.35,1.86,1.93,25,budget,1,2,0,1005
P000096,Sports & Outdoors,49.73,2.44,1.93,15,budget,1,7,0,431
P003538,Sports & Outdoors,114.01,2.33,1.93,29,mid,1,3,1,466
P003787,Automotive,15.71,2.37,1.92,40,mid,1,4,1,674
P001497,Health,41.41,2.16,1.92,5,mid,0,3,0,648
P001708,Home & Kitchen,91.29,2.38,1.92,16,mid,0,5,0,1437
P003656,Electronics,196.48,2.06,1.92,4,mid,1,6,0,111
P002750,Electronics,165.14,1.93,1.92,6,mid,1,1,0,921
P001686,Clothing,95.93,2.7,1.91,47,budget,0,4,0,1450
P002179,Clothing,31.88,1.92,1.91,21,budget,0,2,0,67
P001985,Sports & Outdoors,68.05,2.55,1.91,172,budget,0,5,1,752
P004671,Electronics,140.04,2.79,1.9,11,premium,0,3,0,1046
P001329,Clothing,28.28,2.05,1.9,77,mid,1,5,1,1510
P000155,Electronics,179.24,1.97,1.9,20,mid,1,6,0,942
P004822,Clothing,32.73,2.08,1.9,19,budget,0,1,1,1180
P001146,Clothing,20.18,1.85,1.9,48,budget,1,0,0,403
P003004,Beauty,29.04,2.57,1.9,128,budget,0,1,0,1306
P001261,Electronics,440.97,2.34,1.9,10,premium,0,5,1,80
P004354,Electronics,604.84,2.22,1.9,9,budget,1,6,0,661
P002670,Home & Kitchen,86.65,1.77,1.9,63,mid,1,2,0,1748
P001745,Beauty,35.44,2.17,1.9,10,budget,0,7,0,378
P002745,Home & Kitchen,67.02,2.53,1.89,168,mid,0,6,0,263
P003293,Books,11.69,2.34,1.89,71,budget,1,4,1,1761
P002639,Toys & Games,28.86,2.21,1.89,2,mid,0,6,1,635
P002562,Beauty,16.7,2.37,1.89,24,budget,1,3,1,757
P003260,Electronics,242.97,1.5,1.89,29,premium,0,1,0,169
P001042,Sports & Outdoors,56.2,2.7,1.89,58,mid,0,6,0,1469
P002766,Food & Grocery,28.92,1.95,1.88,47,mid,1,6,0,112
P001196,Clothing,47.2,2.56,1.88,190,premium,0,3,0,750
P003349,Toys & Games,14.18,1.92,1.88,38,mid,1,1,0,185
P003074,Beauty,27.63,2.3,1.88,40,mid,0,3,0,648
P003169,Electronics,102.95,2.84,1.88,272,premium,1,7,0,1541
P004980,Food & Grocery,13.88,1.78,1.87,72,premium,0,4,0,1117
P002648,Toys & Games,24.28,2.06,1.87,18,budget,1,7,0,369
P002297,Beauty,64.32,2.26,1.87,13,mid,1,1,0,616
P001750,Home & Kitchen,39.91,1.75,1.87,26,budget,0,4,1,279
P004828,Home & Kitchen,68.1,1.94,1.87,131,premium,1,4,0,1383
P000445,Clothing,27.18,2.35,1.87,14,budget,1,6,1,140
P001400,Home & Kitchen,98.72,1.75,1.87,304,budget,1,2,0,354
P004278,Health,40.62,2.11,1.87,66,budget,1,4,0,393
P000590,Electronics,231.23,2.2,1.87,19,premium,0,2,0,161
P003417,Sports & Outdoors,38.48,2.55,1.87,12,premium,1,7,0,1466
P001587,Home & Kitchen,26.2,2.25,1.87,3,budget,0,2,0,308
P000388,Food & Grocery,8.91,2.32,1.86,26,budget,1,0,0,1735
P004296,Home & Kitchen,226.33,3.02,1.86,62,mid,1,7,1,368
P000364,Electronics,296.94,1.62,1.86,102,mid,1,6,0,509
P004783,Food & Grocery,23.81,2.25,1.86,60,mid,0,5,0,1573
P002904,Automotive,67.13,1.73,1.86,17,premium,1,0,0,913
P001053,Clothing,29.71,1.89,1.85,18,mid,0,6,1,980
P004875,Books,26.5,2.1,1.85,183,budget,1,7,0,203
P001897,Sports & Outdoors,124.44,2.53,1.85,8,mid,0,0,0,68
P002829,Toys & Games,15.93,2.06,1.85,34,mid,1,4,0,1241
P000199,Clothing,46.93,1.86,1.85,14,premium,0,1,1,775
P001173,Clothing,35.38,2.15,1.85,45,budget,0,4,0,134
P004541,Electronics,244.15,2.33,1.85,17,budget,0,0,0,1654
P004634,Clothing,119.12,2.73,1.85,134,mid,1,3,0,1119
P003375,Books,39.54,2.68,1.84,44,budget,1,1,0,1563
P004240,Sports & Outdoors,62.32,1.66,1.84,367,mid,1,2,0,67
P000836,Books,7.28,2.14,1.84,85,premium,1,2,1,1028
P002049,Electronics,161.15,2.23,1.84,25,mid,0,1,0,1190
P003946,Health,60.01,1.5,1.84,2457,premium,1,4,0,159
P001281,Home & Kitchen,99.52,2.45,1.84,94,mid,1,2,1,636
P003102,Clothing,23.7,2.49,1.83,28,premium,1,6,0,1261
P001782,Toys & Games,104.15,2.57,1.83,11,budget,0,3,0,1320
P000020,Sports & Outdoors,78.2,1.25,1.83,33,premium,1,3,0,1697
P003305,Beauty,38.85,3.01,1.83,10,premium,1,7,0,1793
P004022,Clothing,159.6,2.09,1.83,2,budget,1,6,1,1798
P003401,Electronics,236.15,2.5,1.83,88,mid,1,1,0,1279
P002575,Books,7.1,2.15,1.83,10,premium,1,7,0,457
P002246,Clothing,43.5,2.3,1.83,26,premium,0,6,1,1612
P003410,Electronics,125.2,1.6,1.83,35,mid,1,7,0,652
P001496,Sports & Outdoors,43.73,2.54,1.83,31,mid,0,2,1,895
P001736,Beauty,76.9,1.69,1.83,41,premium,0,6,0,406
P003162,Automotive,56.43,2.44,1.83,4,mid,1,3,0,235
P002398,Clothing,164.65,1.59,1.82,76,premium,0,7,0,1548
P002479,Home & Kitchen,44.29,2.6,1.82,34,mid,0,6,1,1398
P000725,Electronics,232.16,2.05,1.82,17,mid,0,2,1,88
P001219,Beauty,16.89,2.67,1.82,3,budget,0,0,0,68
P003591,Toys & Games,44.81,2.48,1.82,142,premium,0,4,0,1275
P000797,Electronics,136.39,2.06,1.82,100,mid,0,7,1,474
P003304,Automotive,96.39,2.67,1.81,22,mid,1,1,0,828
P004809,Home & Kitchen,16.14,2.06,1.81,916,mid,1,7,0,1306
P003714,Beauty,29.35,2.44,1.81,369,mid,1,5,0,931
P004054,Home & Kitchen,30.3,2.06,1.8,72,mid,1,0,0,768
P001448,Books,16.73,2.45,1.79,61,premium,0,5,0,1752
P003355,Books,18.87,2.63,1.79,11,mid,1,4,0,647
P001564,Health,79.93,1.74,1.79,82,premium,1,3,0,199
P004237,Home & Kitchen,32.57,2.06,1.79,23,mid,1,1,0,468
P004477,Books,13.85,2.39,1.79,13,premium,0,5,0,686
P004745,Electronics,245.52,2.11,1.79,27,mid,1,4,0,1708
P000713,Toys & Games,35.44,1.7,1.79,182,mid,1,5,0,371
P003285,Clothing,68.75,1.89,1.79,13,budget,0,7,0,1222
P003761,Automotive,48.13,1.79,1.79,50,mid,0,2,1,1522
P001978,Food & Grocery,12.02,2.14,1.78,5,mid,1,6,0,219
P002814,Electronics,93.45,2.16,1.78,34,budget,0,2,0,1629
P004372,Electronics,384.63,1.83,1.78,134,mid,1,7,1,1003
P004609,Electronics,104.1,2.32,1.78,42,mid,0,2,0,509
P000998,Electronics,136.88,2.72,1.78,66,mid,0,3,0,1354
P001307,Sports & Outdoors,27.21,2.47,1.78,54,mid,0,2,0,916
P004808,Sports & Outdoors,78.9,1.97,1.77,22,mid,1,5,0,978
P000406,Health,45.45,2.23,1.77,304,mid,1,2,1,1292
P002567,Electronics,355.61,2.48,1.76,27,mid,1,0,0,1257
P002704,Toys & Games,47.75,2.24,1.76,29,mid,1,5,0,569
P002367,Clothing,59.54,1.63,1.76,78,budget,1,1,0,55
P003116,Sports & Outdoors,45.77,2.23,1.76,14,budget,1,7,1,925
P004650,Home & Kitchen,61.95,1.66,1.76,26,budget,0,2,0,1779
P001622,Books,38.13,2.1,1.75,29,premium,0,5,0,1763
P003877,Electronics,138.71,2.03,1.75,47,mid,0,6,0,1476
P003980,Sports & Outdoors,50.18,2.24,1.75,135,budget,0,1,0,1546
P002312,Electronics,134.69,1.81,1.75,93,mid,1,3,0,1190
P004503,Sports & Outdoors,89.87,3.06,1.75,14,budget,1,6,0,1131
P001675,Toys & Games,29.67,1.73,1.75,4,budget,1,6,0,577
P002244,Clothing,16.76,2.5,1.75,4,budget,0,3,0,1019
P001679,Health,32.98,1.8,1.75,27,premium,0,6,1,735
P002315,Home & Kitchen,30.75,2.43,1.74,21,premium,0,0,0,288
P004766,Clothing,71.88,2.02,1.74,8,budget,0,3,0,1258
P002540,Books,15.09,1.98,1.74,17,budget,0,7,0,39
P001405,Clothing,22.51,1.98,1.73,40,mid,0,6,0,1503
P004970,Sports & Outdoors,35.18,2.13,1.73,167,premium,1,3,0,156
P000755,Beauty,49.16,1.95,1.73,151,budget,0,4,1,1371
P000842,Toys & Games,35.06,2.14,1.73,55,premium,1,7,0,1410
P001858,Clothing,131.33,1.81,1.73,24,budget,1,3,0,1018
P004693,Beauty,8.6,2.25,1.72,7,budget,0,2,0,1723
P001437,Clothing,144.85,1.76,1.72,32,mid,0,2,0,1065
P000173,Clothing,49.19,2.29,1.72,10,mid,1,2,0,540
P002916,Electronics,373.63,1.79,1.72,438,budget,0,0,1,913
P003586,Toys & Games,49.14,1.69,1.72,18,premium,0,5,0,1013
P001574,Toys & Games,26.38,1.84,1.72,36,premium,0,5,0,1399
P001095,Sports & Outdoors,63.06,2.15,1.72,4,budget,1,0,0,648
P003857,Toys & Games,19.01,2.0,1.71,645,mid,1,5,0,1474
P002324,Electronics,255.41,2.57,1.71,40,budget,0,6,0,1353
P002583,Electronics,168.65,2.33,1.71,149,premium,1,6,0,169
P002641,Beauty,11.36,1.74,1.71,30,mid,1,6,1,387
P003443,Electronics,169.73,1.7,1.71,18,budget,0,0,0,1463
P004090,Electronics,229.53,2.01,1.71,175,budget,1,4,0,1721
P003680,Electronics,171.16,2.09,1.7,32,mid,0,6,0,627
P001290,Books,17.29,2.18,1.7,24,budget,1,0,0,699
P004351,Clothing,34.97,1.64,1.7,24,budget,1,2,0,1060
P003779,Beauty,10.97,1.52,1.7,19,mid,0,4,0,379
P004688,Home & Kitchen,15.68,2.07,1.7,20,budget,1,2,0,1711
P001100,Electronics,132.7,2.22,1.7,11,budget,0,0,0,426
P003578,Clothing,70.3,1.84,1.7,17,budget,1,7,0,1655
P001543,Home & Kitchen,80.79,2.23,1.7,6,mid,0,2,0,183
P001463,Clothing,27.12,1.93,1.69,10,mid,0,3,0,351
P001368,Electronics,110.89,1.99,1.69,4,mid,1,4,0,477
P000205,Electronics,162.04,1.97,1.68,13,premium,0,2,0,1626
P001266,Toys & Games,56.7,1.61,1.68,20,budget,1,0,0,367
P000645,Sports & Outdoors,108.17,2.2,1.68,40,mid,1,7,0,639
P004115,Toys & Games,75.28,1.64,1.68,37,budget,1,1,0,509
P001158,Electronics,154.25,1.55,1.68,9,mid,1,4,0,1497
P000049,Beauty,33.99,1.45,1.67,52,mid,1,2,0,408
P003111,Clothing,36.09,2.65,1.67,187,mid,0,2,0,205
P003360,Sports & Outdoors,83.17,2.54,1.67,44,budget,0,3,0,809
P002842,Home & Kitchen,25.11,2.03,1.67,176,budget,0,7,0,1551
P002520,Clothing,28.45,2.09,1.67,51,mid,0,4,0,1043
P002226,Clothing,40.24,1.83,1.67,30,mid,1,2,0,70
P001572,Books,29.1,2.34,1.67,36,mid,0,0,0,1203
P002434,Clothing,45.51,2.44,1.66,57,budget,1,0,0,1064
P004346,Food & Grocery,19.12,2.17,1.65,153,mid,1,6,0,976
P004032,Home & Kitchen,87.85,1.73,1.65,8,budget,0,1,1,1672
P002819,Home & Kitchen,111.6,2.13,1.65,1282,mid,0,5,0,398
P002157,Electronics,89.35,1.46,1.65,16,budget,1,3,0,1110
P003206,Home & Kitchen,48.88,1.72,1.64,75,premium,0,0,0,358
P002593,Sports & Outdoors,81.47,2.05,1.64,155,mid,1,0,1,1639
P003396,Food & Grocery,43.36,1.87,1.64,569,budget,0,4,0,758
P001337,Clothing,37.85,1.67,1.64,14,budget,1,2,0,696
P001747,Beauty,26.14,2.2,1.64,71,mid,0,5,1,225
P003013,Toys & Games,24.0,2.08,1.64,70,budget,1,6,0,438
P002571,Electronics,185.86,1.89,1.63,23,mid,1,5,1,724
P000802,Clothing,32.71,1.84,1.62,27,mid,1,1,0,170
P002600,Food & Grocery,5.3,2.02,1.62,20,premium,0,3,0,1333
P004554,Beauty,21.84,2.83,1.62,22,mid,1,0,1,505
P001113,Sports & Outdoors,113.04,2.36,1.61,280,mid,1,4,0,1719
P003078,Sports & Outdoors,59.78,1.31,1.61,10,premium,1,5,0,1689
P000260,Sports & Outdoors,45.86,2.06,1.6,15,mid,1,5,1,324
P003735,Electronics,148.1,1.71,1.6,65,mid,1,6,0,1535
P004674,Clothing,227.66,2.06,1.6,7,budget,0,7,0,1386
P004697,Home & Kitchen,82.35,1.91,1.6,16,mid,0,5,0,1355
P003335,Home & Kitchen,30.1,1.42,1.59,17,mid,1,7,0,393
P000446,Beauty,28.37,1.26,1.59,557,mid,1,5,0,504
P000651,Home & Kitchen,53.78,1.4,1.59,37,premium,1,2,0,1367
P002024,Clothing,28.99,1.28,1.59,41,premium,0,7,0,142
P002421,Electronics,193.08,1.98,1.58,12,mid,0,7,0,271
P004907,Health,41.84,1.25,1.58,132,premium,1,0,0,751
P001732,Electronics,41.28,2.55,1.58,110,budget,0,4,0,1038
P004082,Clothing,39.72,2.18,1.57,39,budget,1,1,0,1237
P002445,Books,29.62,2.26,1.57,206,budget,1,2,0,275
P000966,Books,42.68,2.41,1.56,53,mid,0,6,0,1175
P002370,Books,31.01,1.85,1.56,50,premium,0,4,0,476
P002337,Health,15.64,1.74,1.56,6,budget,1,1,1,1044
P003364,Sports & Outdoors,82.58,1.55,1.56,7,budget,1,1,0,114
P003557,Books,29.99,2.04,1.56,30,premium,1,1,0,64
P002987,Electronics,179.69,2.17,1.55,69,mid,0,5,0,1530
P001353,Clothing,75.6,2.62,1.54,213,budget,1,5,0,1101
P004994,Home & Kitchen,82.7,2.0,1.54,9,premium,0,3,0,272
P001159,Home & Kitchen,76.22,1.44,1.54,185,mid,1,6,1,1058
P000862,Beauty,44.33,2.13,1.54,80,budget,1,5,1,1779
P004563,Clothing,19.05,1.51,1.54,9,premium,0,6,0,1415
P001560,Health,60.81,1.92,1.54,32,budget,1,0,0,1707
P001722,Clothing,76.45,2.11,1.53,8,budget,0,4,0,828
P001658,Health,18.82,1.83,1.53,19,budget,1,3,0,56
P001354,Clothing,42.38,1.6,1.52,67,budget,0,2,0,1626
P002865,Home & Kitchen,71.6,1.93,1.52,30,budget,1,1,0,1289
P000267,Clothing,48.15,1.94,1.51,726,budget,0,5,1,681
P003664,Beauty,23.95,1.74,1.51,11,mid,0,7,0,770
P001177,Home & Kitchen,80.97,2.08,1.51,125,budget,1,0,1,829
P001960,Sports & Outdoors,149.05,2.07,1.51,124,mid,1,0,0,1248
P003208,Electronics,344.45,1.51,1.5,4,premium,1,7,0,418
P003510,Clothing,58.89,1.15,1.5,491,budget,0,2,1,795
P000732,Electronics,321.55,1.56,1.5,19,premium,0,1,0,337
P004495,Clothing,50.16,1.4,1.47,32,budget,1,3,0,1765
P004691,Home & Kitchen,47.41,2.65,1.47,11,premium,1,2,0,1064
P001799,Books,14.18,1.0,1.47,103,mid,0,1,0,1214
P000186,Sports & Outdoors,54.45,1.75,1.47,101,premium,0,2,0,101
P004727,Toys & Games,49.62,1.67,1.47,39,premium,1,7,1,1616
P002936,Home & Kitchen,37.7,2.11,1.46,146,budget,1,3,0,1254
P001565,Toys & Games,30.3,1.36,1.46,16,mid,1,4,1,1034
P002876,Clothing,54.25,1.77,1.46,10,mid,1,6,0,497
P002830,Beauty,19.97,1.77,1.46,39,budget,1,6,0,1660
P004422,Clothing,42.03,1.72,1.45,11,budget,1,1,0,376
P003121,Electronics,214.73,1.4,1.45,211,mid,1,6,0,937
P000419,Clothing,43.88,1.84,1.45,15,budget,0,7,1,1376
P003682,Electronics,339.03,2.39,1.45,5,budget,1,3,0,818
P004549,Beauty,27.85,1.36,1.43,6,mid,0,0,0,1439
P004513,Health,189.59,2.28,1.43,30,mid,1,0,0,1492
P000805,Electronics,109.43,1.98,1.43,77,budget,0,6,0,815
P000303,Books,17.16,1.83,1.42,169,mid,1,1,0,1065
P002115,Electronics,188.84,2.14,1.41,76,mid,1,7,0,276
P000672,Books,27.7,1.83,1.41,22,premium,0,0,0,355
P003833,Home & Kitchen,39.03,1.94,1.41,64,premium,1,2,0,269
P000363,Electronics,121.64,1.13,1.4,10,premium,1,0,0,1494
P002692,Home & Kitchen,11.56,1.79,1.4,45,budget,0,3,0,1501
P003404,Health,30.37,1.48,1.4,4,budget,0,6,0,871
P002441,Automotive,63.5,1.53,1.39,152,budget,0,3,0,1615
P000524,Sports & Outdoors,29.38,1.82,1.39,2,premium,0,0,0,996
P003873,Electronics,184.74,1.77,1.39,120,budget,0,6,0,1569
P004052,Sports & Outdoors,110.8,2.39,1.39,24,mid,1,7,0,174
P000188,Electronics,51.88,2.0,1.39,24,mid,0,1,0,878
P002228,Electronics,237.8,1.87,1.38,66,premium,1,1,0,811
P002286,Electronics,187.38,1.54,1.37,24,mid,1,1,0,650
P002087,Home & Kitchen,65.86,1.68,1.37,13,budget,1,3,0,102
P001906,Home & Kitchen,44.16,2.12,1.35,16,premium,0,4,1,258
P000018,Electronics,267.51,1.39,1.35,0,premium,1,1,1,515
P001895,Clothing,38.41,1.99,1.35,287,budget,0,2,0,1068
P000959,Books,11.34,1.31,1.33,67,budget,1,4,0,988
P004210,Clothing,16.18,1.83,1.33,32,budget,1,0,0,1141
P000280,Health,26.13,1.79,1.33,177,premium,1,3,0,909
P000488,Clothing,32.35,1.55,1.32,51,mid,1,4,0,666
P004653,Electronics,73.34,1.63,1.32,155,budget,1,3,0,1368
P000119,Home & Kitchen,87.86,1.78,1.32,11,mid,0,5,1,1737
P001370,Home & Kitchen,163.3,1.0,1.32,6,premium,0,1,0,1361
P001060,Beauty,32.44,1.58,1.31,55,mid,0,4,0,576
P002529,Toys & Games,22.56,2.5,1.31,8,budget,1,7,0,1211
P000513,Electronics,78.79,2.12,1.3,204,budget,1,2,1,1030
P004620,Books,34.23,1.79,1.3,19,mid,0,5,0,1171
P002565,Sports & Outdoors,33.32,1.46,1.3,47,mid,0,7,0,616
P003576,Home & Kitchen,46.54,1.85,1.3,19,budget,1,2,1,147
P002755,Health,28.46,1.6,1.3,52,mid,1,6,0,159
P003958,Food & Grocery,23.83,1.25,1.3,8,mid,1,0,0,872
P000817,Health,142.34,1.2,1.29,6,budget,0,6,0,1546
P002818,Sports & Outdoors,45.12,1.96,1.29,26,budget,0,0,0,472
P001796,Clothing,148.76,1.93,1.28,176,mid,0,7,0,73
P002543,Clothing,41.15,1.49,1.28,11,budget,1,4,0,896
P002715,Health,29.53,1.44,1.27,26,mid,1,7,0,1656
P000830,Clothing,49.73,1.79,1.27,65,mid,1,1,1,399
P004474,Electronics,147.04,1.0,1.25,118,mid,0,3,0,678
P001331,Toys & Games,22.04,1.34,1.24,179,mid,1,5,0,1544
P001982,Home & Kitchen,54.64,1.56,1.23,38,mid,0,0,0,243
P004348,Health,18.33,1.81,1.22,19,mid,1,6,1,1333
P004647,Food & Grocery,38.88,2.01,1.22,8,budget,0,3,0,76
P004869,Home & Kitchen,33.97,1.7,1.22,11,mid,1,7,0,536
P000051,Clothing,84.83,1.0,1.2,14,mid,0,2,0,859
P002079,Clothing,65.33,1.77,1.19,33,mid,1,5,0,1753
P004831,Sports & Outdoors,53.16,1.32,1.19,20,budget,1,6,0,175
P004388,Electronics,54.75,1.37,1.17,20,mid,0,2,1,687
P000125,Electronics,239.23,1.32,1.17,589,budget,1,7,0,119
P001233,Clothing,39.57,2.03,1.16,56,mid,1,3,1,159
P001955,Health,19.19,1.04,1.16,16,mid,1,3,1,1762
P001522,Books,34.49,1.19,1.16,83,premium,1,4,0,1758
P001601,Food & Grocery,18.96,1.21,1.16,13,premium,0,7,0,260
P001661,Electronics,152.85,1.55,1.15,2,mid,0,3,0,1791
P004286,Electronics,501.16,1.93,1.15,94,budget,1,7,1,60
P000639,Toys & Games,75.27,1.5,1.14,21,premium,0,1,0,956
P004318,Toys & Games,13.88,1.82,1.12,107,premium,0,0,1,504
P003543,Health,30.36,1.0,1.12,17,mid,0,4,0,459
P004374,Electronics,269.95,1.48,1.11,98,mid,0,7,0,1330
P004941,Health,19.96,2.01,1.1,252,mid,0,0,1,559
P001742,Clothing,41.37,1.85,1.08,50,mid,1,0,0,458
P002730,Health,115.15,1.58,1.07,155,mid,1,4,0,643
P003866,Clothing,28.16,1.76,1.07,22,mid,0,3,1,1314
P001516,Clothing,141.92,1.0,1.06,164,mid,1,3,0,1628
P001558,Books,30.9,1.34,1.06,119,mid,1,4,0,1096
P001997,Clothing,70.99,1.54,1.04,72,premium,0,2,0,450
P004244,Books,12.21,1.59,1.02,119,mid,1,5,0,507
P003600,Home & Kitchen,25.4,1.0,1.02,18,premium,1,1,0,323
P002396,Automotive,40.75,1.0,1.0,180,budget,1,5,0,1364
P000717,Books,21.81,1.25,1.0,28,premium,1,3,0,1527
P004590,Health,24.2,1.26,1.0,13,mid,1,1,0,1195
P004119,Clothing,17.21,1.19,1.0,40,premium,0,6,0,397
P000586,Sports & Outdoors,36.21,1.55,1.0,52,mid,1,6,0,1489
P004436,Books,27.96,1.03,1.0,16,mid,1,0,0,581
P000607,Health,61.26,1.0,1.0,190,budget,1,7,0,935
P000891,Clothing,49.22,1.38,1.0,24,budget,1,0,0,1143
P000229,Sports & Outdoors,51.75,1.0,1.0,76,mid,1,7,1,1159
P003804,Electronics,427.67,1.63,1.0,3,budget,1,2,0,150
P000396,Home & Kitchen,36.99,1.02,1.0,10,mid,1,4,0,306
P004876,Books,8.61,1.9,1.0,16,budget,1,4,0,1201
P001074,Food & Grocery,7.43,1.11,1.0,287,mid,1,1,0,1125
P003190,Clothing,65.83,1.11,1.0,51,mid,1,7,1,80
P000127,Clothing,17.33,1.32,1.0,141,premium,1,3,0,1338
P004074,Electronics,82.27,1.1,1.0,145,mid,0,4,1,621
P002846,Sports & Outdoors,53.6,1.89,1.0,88,premium,0,6,0,1667
P000954,Electronics,208.88,1.58,1.0,37,budget,1,1,0,1674
P003387,Books,21.03,1.4,1.0,149,budget,0,2,0,421
